date,net,cash,holdings,cost_basis,starting_cash,margin,mtm,realized,pnls,liquid_value,commissions,charges,day_pnl,gross_leverage,net_leverage,gross_exposure,net_exposure,long_exposure,short_exposure,longs_count,shorts_count,algo_returns,algo_cum_returns,algo_volatility,drawdown,sharpe,strategy_vol,benchmark,benchmark_returns,alpha,beta
2022-01-03 00:00:00+05:30,10000.0000,10000.0000,0.0000,0.0000,10000.0000,0.0000,0.0000,0.0000,0.0000,10000.0000,0.0000,0.0000,0.0000,0.0000,0.0000,0.0000,0.0000,0.0000,0.0000,0,0,0.0000,0.0000,0.0000,0.0000,,,10000.0000,0.0000,,
2022-01-04 00:00:00+05:30,9951.6000,1185.8500,8765.7500,8814.1500,10000.0000,0.0000,-48.4000,0.0000,-48.4000,9951.6000,0.0000,0.0000,-48.4000,0.8800,0.8800,8765.7500,8765.7500,8765.7500,0.0000,1,0,-0.0048,-0.0048,0.0539,-0.0048,,,10097.5314,0.0098,,
2022-01-05 00:00:00+05:30,10111.9000,1185.8500,8926.0500,8814.1500,10000.0000,0.0000,111.9000,0.0000,111.9000,10111.9000,0.0000,0.0000,160.3000,0.8800,0.8800,8926.0500,8926.0500,8926.0500,0.0000,1,0,0.0161,0.0112,0.1540,0.0000,,,10154.4341,0.0056,,
2022-01-06 00:00:00+05:30,9920.8000,1185.8500,8734.9500,8814.1500,10000.0000,0.0000,-79.2000,0.0000,-79.2000,9920.8000,0.0000,0.0000,-191.1000,0.8800,0.8800,8734.9500,8734.9500,8734.9500,0.0000,1,0,-0.0189,-0.0079,0.2007,-0.0189,,,10062.7433,-0.0090,,
2022-01-07 00:00:00+05:30,9970.1500,1185.8500,8784.3000,8814.1500,10000.0000,0.0000,-29.8500,0.0000,-29.8500,9970.1500,0.0000,0.0000,49.3500,0.8800,0.8800,8784.3000,8784.3000,8784.3000,0.0000,1,0,0.0050,-0.0030,0.1830,-0.0140,,,10103.6838,0.0041,,
2022-01-10 00:00:00+05:30,10244.2000,1185.8500,9058.3500,8814.1500,10000.0000,0.0000,244.2000,0.0000,244.2000,10244.2000,0.0000,0.0000,274.0500,0.8800,0.8800,9058.3500,9058.3500,9058.3500,0.0000,1,0,0.0275,0.0244,0.2443,0.0000,,,10209.8626,0.0105,,
2022-01-11 00:00:00+05:30,10145.8500,1185.8500,8960.0000,8814.1500,10000.0000,0.0000,145.8500,0.0000,145.8500,10145.8500,0.0000,0.0000,-98.3500,0.8800,0.8800,8960.0000,8960.0000,8960.0000,0.0000,1,0,-0.0096,0.0146,0.2334,-0.0096,,,10240.2277,0.0030,,
2022-01-12 00:00:00+05:30,10357.6000,1185.8500,9171.7500,8814.1500,10000.0000,0.0000,357.6000,0.0000,357.6000,10357.6000,0.0000,0.0000,211.7500,0.8900,0.8900,9171.7500,9171.7500,9171.7500,0.0000,1,0,0.0209,0.0358,0.2478,0.0000,,,10318.8199,0.0077,,
2022-01-13 00:00:00+05:30,10420.6000,1185.8500,9234.7500,8814.1500,10000.0000,0.0000,420.6000,0.0000,420.6000,10420.6000,0.0000,0.0000,63.0000,0.8900,0.8900,9234.7500,9234.7500,9234.7500,0.0000,1,0,0.0061,0.0421,0.2358,0.0000,,,10352.2754,0.0032,,
2022-01-14 00:00:00+05:30,10761.8500,1185.8500,9576.0000,8814.1500,10000.0000,0.0000,761.8500,0.0000,761.8500,10761.8500,0.0000,0.0000,341.2500,0.8900,0.8900,9576.0000,9576.0000,9576.0000,0.0000,1,0,0.0327,0.0762,0.2775,0.0000,,,10340.3108,-0.0012,,
2022-01-17 00:00:00+05:30,10957.8500,1185.8500,9772.0000,8814.1500,10000.0000,0.0000,957.8500,0.0000,957.8500,10957.8500,0.0000,0.0000,196.0000,0.8900,0.8900,9772.0000,9772.0000,9772.0000,0.0000,1,0,0.0182,0.0958,0.2786,0.0000,,,10382.3854,0.0041,,
2022-01-18 00:00:00+05:30,10922.8500,1185.8500,9737.0000,8814.1500,10000.0000,0.0000,922.8500,0.0000,922.8500,10922.8500,0.0000,0.0000,-35.0000,0.8900,0.8900,9737.0000,9737.0000,9737.0000,0.0000,1,0,-0.0032,0.0923,0.2671,-0.0032,,,10271.3017,-0.0107,,
2022-01-19 00:00:00+05:30,11203.9000,1185.8500,10018.0500,8814.1500,10000.0000,0.0000,1203.9000,0.0000,1203.9000,11203.9000,0.0000,0.0000,281.0500,0.8900,0.8900,10018.0500,10018.0500,10018.0500,0.0000,1,0,0.0257,0.1204,0.2805,0.0000,,,10173.5718,-0.0095,,
2022-01-20 00:00:00+05:30,11195.8500,1185.8500,10010.0000,8814.1500,10000.0000,0.0000,1195.8500,0.0000,1195.8500,11195.8500,0.0000,0.0000,-8.0500,0.8900,0.8900,10010.0000,10010.0000,10010.0000,0.0000,1,0,-0.0007,0.1196,0.2703,-0.0007,,,10083.6955,-0.0088,,
2022-01-21 00:00:00+05:30,11111.8500,1185.8500,9926.0000,8814.1500,10000.0000,0.0000,1111.8500,0.0000,1111.8500,11111.8500,0.0000,0.0000,-84.0000,0.8900,0.8900,9926.0000,9926.0000,9926.0000,0.0000,1,0,-0.0075,0.1112,0.2629,-0.0082,,,10008.5623,-0.0075,,
2022-01-24 00:00:00+05:30,10669.4500,1185.8500,9483.6000,8814.1500,10000.0000,0.0000,669.4500,0.0000,669.4500,10669.4500,0.0000,0.0000,-442.4000,0.8900,0.8900,9483.6000,9483.6000,9483.6000,0.0000,1,0,-0.0398,0.0669,0.2996,-0.0477,,,9703.4933,-0.0305,,
2022-01-25 00:00:00+05:30,11160.8500,1185.8500,9975.0000,8814.1500,10000.0000,0.0000,1160.8500,0.0000,1160.8500,11160.8500,0.0000,0.0000,491.4000,0.8900,0.8900,9975.0000,9975.0000,9975.0000,0.0000,1,0,0.0461,0.1161,0.3406,-0.0038,,,9791.2999,0.0090,,
2022-01-27 00:00:00+05:30,11155.2500,1185.8500,9969.4000,8814.1500,10000.0000,0.0000,1155.2500,0.0000,1155.2500,11155.2500,0.0000,0.0000,-5.6000,0.8900,0.8900,9969.4000,9969.4000,9969.4000,0.0000,1,0,-0.0005,0.1155,0.3310,-0.0043,,,9724.3888,-0.0068,,
2022-01-28 00:00:00+05:30,11133.9000,1185.8500,9948.0500,8814.1500,10000.0000,0.0000,1133.9000,0.0000,1133.9000,11133.9000,0.0000,0.0000,-21.3500,0.8900,0.8900,9948.0500,9948.0500,9948.0500,0.0000,1,0,-0.0019,0.1134,0.3222,-0.0062,,,9700.0343,-0.0025,,
2022-01-31 00:00:00+05:30,11300.8500,1185.8500,10115.0000,8814.1500,10000.0000,0.0000,1300.8500,0.0000,1300.8500,11300.8500,0.0000,0.0000,166.9500,0.9000,0.9000,10115.0000,10115.0000,10115.0000,0.0000,1,0,0.0150,0.1301,0.3185,0.0000,,,9831.5599,0.0136,,
2022-02-01 00:00:00+05:30,11230.8500,1185.8500,10045.0000,8814.1500,10000.0000,0.0000,1230.8500,0.0000,1230.8500,11230.8500,0.0000,0.0000,-70.0000,0.8900,0.8900,10045.0000,10045.0000,10045.0000,0.0000,1,0,-0.0062,0.1231,0.3116,-0.0062,,,9982.5918,0.0154,,
2022-02-02 00:00:00+05:30,11158.7500,1185.8500,9972.9000,8814.1500,10000.0000,0.0000,1158.7500,0.0000,1158.7500,11158.7500,0.0000,0.0000,-72.1000,0.8900,0.8900,9972.9000,9972.9000,9972.9000,0.0000,1,0,-0.0064,0.1159,0.3052,-0.0126,,,10088.6005,0.0106,,
2022-02-03 00:00:00+05:30,11076.8500,1185.8500,9891.0000,8814.1500,10000.0000,0.0000,1076.8500,0.0000,1076.8500,11076.8500,0.0000,0.0000,-81.9000,0.8900,0.8900,9891.0000,9891.0000,9891.0000,0.0000,1,0,-0.0073,0.1077,0.2995,-0.0198,,,9934.7334,-0.0153,,
2022-02-04 00:00:00+05:30,10978.8500,1185.8500,9793.0000,8814.1500,10000.0000,0.0000,978.8500,0.0000,978.8500,10978.8500,0.0000,0.0000,-98.0000,0.8900,0.8900,9793.0000,9793.0000,9793.0000,0.0000,1,0,-0.0088,0.0979,0.2946,-0.0285,,,9924.9519,-0.0010,,
2022-02-07 00:00:00+05:30,10873.8500,1185.8500,9688.0000,8814.1500,10000.0000,0.0000,873.8500,0.0000,873.8500,10873.8500,0.0000,0.0000,-105.0000,0.8900,0.8900,9688.0000,9688.0000,9688.0000,0.0000,1,0,-0.0096,0.0874,0.2903,-0.0378,,,9758.8083,-0.0167,,
2022-02-08 00:00:00+05:30,10803.8500,1185.8500,9618.0000,8814.1500,10000.0000,0.0000,803.8500,0.0000,803.8500,10803.8500,0.0000,0.0000,-70.0000,0.8900,0.8900,9618.0000,9618.0000,9618.0000,0.0000,1,0,-0.0064,0.0804,0.2854,-0.0440,,,9776.0181,0.0018,,
2022-02-09 00:00:00+05:30,11132.8500,1185.8500,9947.0000,8814.1500,10000.0000,0.0000,1132.8500,0.0000,1132.8500,11132.8500,0.0000,0.0000,329.0000,0.8900,0.8900,9947.0000,9947.0000,9947.0000,0.0000,1,0,0.0305,0.1133,0.2952,-0.0149,,,9907.1467,0.0134,,
2022-02-10 00:00:00+05:30,10961.7000,1185.8500,9775.8500,8814.1500,10000.0000,0.0000,961.7000,0.0000,961.7000,10961.7000,0.0000,0.0000,-171.1500,0.8900,0.8900,9775.8500,9775.8500,9775.8500,0.0000,1,0,-0.0154,0.0962,0.2935,-0.0300,,,9972.5551,0.0066,,
2022-02-11 00:00:00+05:30,10817.8500,1185.8500,9632.0000,8814.1500,10000.0000,0.0000,817.8500,0.0000,817.8500,10817.8500,0.0000,0.0000,-143.8500,0.8900,0.8900,9632.0000,9632.0000,9632.0000,0.0000,1,0,-0.0131,0.0818,0.2910,-0.0427,,,9835.6710,-0.0137,,
2022-02-14 00:00:00+05:30,10516.8500,1185.8500,9331.0000,8814.1500,10000.0000,0.0000,516.8500,0.0000,516.8500,10516.8500,0.0000,0.0000,-301.0000,0.8900,0.8900,9331.0000,9331.0000,9331.0000,0.0000,1,0,-0.0278,0.0517,0.2972,-0.0694,,,9537.4915,-0.0303,,
2022-02-15 00:00:00+05:30,10796.5000,1185.8500,9610.6500,8814.1500,10000.0000,0.0000,796.5000,0.0000,796.5000,10796.5000,0.0000,0.0000,279.6500,0.8900,0.8900,9610.6500,9610.6500,9610.6500,0.0000,1,0,0.0266,0.0796,0.3020,-0.0446,,,9839.2433,0.0316,,
2022-02-16 00:00:00+05:30,10731.0500,1185.8500,9545.2000,8814.1500,10000.0000,0.0000,731.0500,0.0000,731.0500,10731.0500,0.0000,0.0000,-65.4500,0.8900,0.8900,9545.2000,9545.2000,9545.2000,0.0000,1,0,-0.0061,0.0731,0.2977,-0.0504,,,9805.9012,-0.0034,,
2022-02-17 00:00:00+05:30,10737.0000,1185.8500,9551.1500,8814.1500,10000.0000,0.0000,737.0000,0.0000,737.0000,10737.0000,0.0000,0.0000,5.9500,0.8900,0.8900,9551.1500,9551.1500,9551.1500,0.0000,1,0,0.0006,0.0737,0.2932,-0.0499,,,9798.5864,-0.0007,,
2022-02-18 00:00:00+05:30,10593.8500,1185.8500,9408.0000,8814.1500,10000.0000,0.0000,593.8500,0.0000,593.8500,10593.8500,0.0000,0.0000,-143.1500,0.8900,0.8900,9408.0000,9408.0000,9408.0000,0.0000,1,0,-0.0133,0.0594,0.2911,-0.0626,,,9792.1221,-0.0007,,
2022-02-21 00:00:00+05:30,10250.8500,1185.8500,9065.0000,8814.1500,10000.0000,0.0000,250.8500,0.0000,250.8500,10250.8500,0.0000,0.0000,-343.0000,0.8800,0.8800,9065.0000,9065.0000,9065.0000,0.0000,1,0,-0.0324,0.0251,0.2998,-0.0929,,,9756.3984,-0.0036,,
2022-02-22 00:00:00+05:30,10150.0500,1185.8500,8964.2000,8814.1500,10000.0000,0.0000,150.0500,0.0000,150.0500,10150.0500,0.0000,0.0000,-100.8000,0.8800,0.8800,8964.2000,8964.2000,8964.2000,0.0000,1,0,-0.0098,0.0150,0.2967,-0.1018,,,9685.4330,-0.0073,,
2022-02-23 00:00:00+05:30,10341.8500,1185.8500,9156.0000,8814.1500,10000.0000,0.0000,341.8500,0.0000,341.8500,10341.8500,0.0000,0.0000,191.8000,0.8900,0.8900,9156.0000,9156.0000,9156.0000,0.0000,1,0,0.0189,0.0342,0.2968,-0.0849,,,9670.7465,-0.0015,,
2022-02-24 00:00:00+05:30,10145.8500,1185.8500,8960.0000,8814.1500,10000.0000,0.0000,145.8500,0.0000,145.8500,10145.8500,0.0000,0.0000,-196.0000,0.8800,0.8800,8960.0000,8960.0000,8960.0000,0.0000,1,0,-0.0190,0.0146,0.2969,-0.1022,,,9196.1600,-0.0491,,
2022-02-25 00:00:00+05:30,10376.8500,1185.8500,9191.0000,8814.1500,10000.0000,0.0000,376.8500,0.0000,376.8500,10376.8500,0.0000,0.0000,231.0000,0.8900,0.8900,9191.0000,9191.0000,9191.0000,0.0000,1,0,0.0228,0.0377,0.2987,-0.0818,,,9451.9247,0.0278,,
2022-02-28 00:00:00+05:30,10848.3000,1185.8500,9662.4500,8814.1500,10000.0000,0.0000,848.3000,0.0000,848.3000,10848.3000,0.0000,0.0000,471.4500,0.8900,0.8900,9662.4500,9662.4500,9662.4500,0.0000,1,0,0.0454,0.0848,0.3162,-0.0400,,,9520.3384,0.0072,,
2022-03-02 00:00:00+05:30,10957.8500,1185.8500,9772.0000,8814.1500,10000.0000,0.0000,957.8500,0.0000,957.8500,10957.8500,0.0000,0.0000,109.5500,0.8900,0.8900,9772.0000,9772.0000,9772.0000,0.0000,1,0,0.0101,0.0958,0.3133,-0.0304,,,9427.5702,-0.0097,,
2022-03-03 00:00:00+05:30,10859.8500,1185.8500,9674.0000,8814.1500,10000.0000,0.0000,859.8500,0.0000,859.8500,10859.8500,0.0000,0.0000,-98.0000,0.8900,0.8900,9674.0000,9674.0000,9674.0000,0.0000,1,0,-0.0089,0.0860,0.3103,-0.0390,,,9361.1695,-0.0070,,
2022-03-04 00:00:00+05:30,10824.8500,1185.8500,9639.0000,8814.1500,10000.0000,0.0000,824.8500,0.0000,824.8500,10824.8500,0.0000,0.0000,-35.0000,0.8900,0.8900,9639.0000,9639.0000,9639.0000,0.0000,1,0,-0.0032,0.0825,0.3068,-0.0421,,,9210.7897,-0.0161,,
2022-03-07 00:00:00+05:30,10495.8500,1185.8500,9310.0000,8814.1500,10000.0000,0.0000,495.8500,0.0000,495.8500,10495.8500,0.0000,0.0000,-329.0000,0.8900,0.8900,9310.0000,9310.0000,9310.0000,0.0000,1,0,-0.0304,0.0496,0.3119,-0.0712,,,9005.2366,-0.0223,,
2022-03-08 00:00:00+05:30,10449.3000,1185.8500,9263.4500,8814.1500,10000.0000,0.0000,449.3000,0.0000,449.3000,10449.3000,0.0000,0.0000,-46.5500,0.8900,0.8900,9263.4500,9263.4500,9263.4500,0.0000,1,0,-0.0044,0.0449,0.3086,-0.0754,,,9082.5529,0.0086,,
2022-03-09 00:00:00+05:30,10542.0500,1185.8500,9356.2000,8814.1500,10000.0000,0.0000,542.0500,0.0000,542.0500,10542.0500,0.0000,0.0000,92.7500,0.8900,0.8900,9356.2000,9356.2000,9356.2000,0.0000,1,0,0.0089,0.0542,0.3059,-0.0671,,,9280.7344,0.0218,,
2022-03-10 00:00:00+05:30,10775.1500,1185.8500,9589.3000,8814.1500,10000.0000,0.0000,775.1500,0.0000,775.1500,10775.1500,0.0000,0.0000,233.1000,0.8900,0.8900,9589.3000,9589.3000,9589.3000,0.0000,1,0,0.0221,0.0775,0.3069,-0.0465,,,9393.8028,0.0122,,
2022-03-11 00:00:00+05:30,10859.5000,1185.8500,9673.6500,8814.1500,10000.0000,0.0000,859.5000,0.0000,859.5000,10859.5000,0.0000,0.0000,84.3500,0.8900,0.8900,9673.6500,9673.6500,9673.6500,0.0000,1,0,0.0078,0.0859,0.3042,-0.0391,,,9424.5365,0.0033,,
2022-03-14 00:00:00+05:30,10849.3500,1185.8500,9663.5000,8814.1500,10000.0000,0.0000,849.3500,0.0000,849.3500,10849.3500,0.0000,0.0000,-10.1500,0.8900,0.8900,9663.5000,9663.5000,9663.5000,0.0000,1,0,-0.0009,0.0849,0.3011,-0.0400,,,9575.3132,0.0160,,
2022-03-15 00:00:00+05:30,10817.8500,1185.8500,9632.0000,8814.1500,10000.0000,0.0000,817.8500,0.0000,817.8500,10817.8500,0.0000,0.0000,-31.5000,0.8900,0.8900,9632.0000,9632.0000,9632.0000,0.0000,1,0,-0.0029,0.0818,0.2981,-0.0427,,,9438.4291,-0.0143,,
2022-03-16 00:00:00+05:30,11426.8500,1185.8500,10241.0000,8814.1500,10000.0000,0.0000,1426.8500,0.0000,1426.8500,11426.8500,0.0000,0.0000,609.0000,0.9000,0.9000,10241.0000,10241.0000,10241.0000,0.0000,1,0,0.0563,0.1427,0.3206,0.0000,,,9620.6483,0.0193,,
2022-03-17 00:00:00+05:30,11335.8500,1185.8500,10150.0000,8814.1500,10000.0000,0.0000,1335.8500,0.0000,1335.8500,11335.8500,0.0000,0.0000,-91.0000,0.9000,0.9000,10150.0000,10150.0000,10150.0000,0.0000,1,0,-0.0080,0.1336,0.3180,-0.0080,,,9809.5019,0.0196,,
2022-03-21 00:00:00+05:30,11300.8500,1185.8500,10115.0000,8814.1500,10000.0000,0.0000,1300.8500,0.0000,1300.8500,11300.8500,0.0000,0.0000,-35.0000,0.9000,0.9000,10115.0000,10115.0000,10115.0000,0.0000,1,0,-0.0031,0.1301,0.3151,-0.0110,,,9704.2871,-0.0107,,
2022-03-22 00:00:00+05:30,11132.8500,1185.8500,9947.0000,8814.1500,10000.0000,0.0000,1132.8500,0.0000,1132.8500,11132.8500,0.0000,0.0000,-168.0000,0.8900,0.8900,9947.0000,9947.0000,9947.0000,0.0000,1,0,-0.0149,0.1133,0.3138,-0.0257,,,9826.7400,0.0126,,
2022-03-23 00:00:00+05:30,11027.8500,1185.8500,9842.0000,8814.1500,10000.0000,0.0000,1027.8500,0.0000,1027.8500,11027.8500,0.0000,0.0000,-105.0000,0.8900,0.8900,9842.0000,9842.0000,9842.0000,0.0000,1,0,-0.0094,0.1028,0.3116,-0.0349,,,9766.4917,-0.0061,,
2022-03-24 00:00:00+05:30,10992.8500,1185.8500,9807.0000,8814.1500,10000.0000,0.0000,992.8500,0.0000,992.8500,10992.8500,0.0000,0.0000,-35.0000,0.8900,0.8900,9807.0000,9807.0000,9807.0000,0.0000,1,0,-0.0032,0.0993,0.3089,-0.0380,,,9751.6069,-0.0015,,
2022-03-25 00:00:00+05:30,10926.0000,1185.8500,9740.1500,8814.1500,10000.0000,0.0000,926.0000,0.0000,926.0000,10926.0000,0.0000,0.0000,-66.8500,0.8900,0.8900,9740.1500,9740.1500,9740.1500,0.0000,1,0,-0.0061,0.0926,0.3064,-0.0438,,,9740.6346,-0.0011,,
2022-03-28 00:00:00+05:30,11006.8500,1185.8500,9821.0000,8814.1500,10000.0000,0.0000,1006.8500,0.0000,1006.8500,11006.8500,0.0000,0.0000,80.8500,0.8900,0.8900,9821.0000,9821.0000,9821.0000,0.0000,1,0,0.0074,0.1007,0.3041,-0.0368,,,9761.4734,0.0021,,
2022-03-29 00:00:00+05:30,10957.8500,1185.8500,9772.0000,8814.1500,10000.0000,0.0000,957.8500,0.0000,957.8500,10957.8500,0.0000,0.0000,-49.0000,0.8900,0.8900,9772.0000,9772.0000,9772.0000,0.0000,1,0,-0.0045,0.0958,0.3017,-0.0410,,,9830.1139,0.0070,,
2022-03-30 00:00:00+05:30,11027.8500,1185.8500,9842.0000,8814.1500,10000.0000,0.0000,1027.8500,0.0000,1027.8500,11027.8500,0.0000,0.0000,70.0000,0.8900,0.8900,9842.0000,9842.0000,9842.0000,0.0000,1,0,0.0064,0.1028,0.2995,-0.0349,1.5183,0.3007,9907.1467,0.0078,,
2022-03-31 00:00:00+05:30,11638.9500,1185.8500,10453.1000,8814.1500,10000.0000,0.0000,1638.9500,0.0000,1638.9500,11638.9500,0.0000,0.0000,611.1000,0.9000,0.9000,10453.1000,10453.1000,10453.1000,0.0000,1,0,0.0554,0.1639,0.3177,0.0000,2.1533,0.3201,9905.5307,-0.0002,0.0027338001042169903,0.748122735460073
2022-04-01 00:00:00+05:30,11834.9500,1185.8500,10649.1000,8814.1500,10000.0000,0.0000,1834.9500,0.0000,1834.9500,11834.9500,0.0000,0.0000,196.0000,0.9000,0.9000,10649.1000,10649.1000,10649.1000,0.0000,1,0,0.0168,0.1835,0.3169,0.0000,2.4300,0.3210,10030.0533,0.0126,0.002854323829145657,0.7529365558703249
2022-04-04 00:00:00+05:30,12116.3500,1185.8500,10930.5000,8814.1500,10000.0000,0.0000,2116.3500,0.0000,2116.3500,12116.3500,0.0000,0.0000,281.4000,0.9000,0.9000,10930.5000,10930.5000,10930.5000,0.0000,1,0,0.0238,0.2116,0.3180,0.0000,2.5173,0.3227,10227.2141,0.0197,0.003194326484535398,0.774232519113092
2022-04-05 00:00:00+05:30,12021.1500,1185.8500,10835.3000,8814.1500,10000.0000,0.0000,2021.1500,0.0000,2021.1500,12021.1500,0.0000,0.0000,-95.2000,0.9000,0.9000,10835.3000,10835.3000,10835.3000,0.0000,1,0,-0.0079,0.2021,0.3159,-0.0079,2.6808,0.3202,10167.5045,-0.0058,0.0029465898084370923,0.7735859608176289
2022-04-06 00:00:00+05:30,12063.8500,1185.8500,10878.0000,8814.1500,10000.0000,0.0000,2063.8500,0.0000,2063.8500,12063.8500,0.0000,0.0000,42.7000,0.9000,0.9000,10878.0000,10878.0000,10878.0000,0.0000,1,0,0.0036,0.2064,0.3135,-0.0043,2.6626,0.3202,10092.9667,-0.0073,0.003296155175025644,0.7585408013743548
2022-04-07 00:00:00+05:30,12252.8500,1185.8500,11067.0000,8814.1500,10000.0000,0.0000,2252.8500,0.0000,2252.8500,12252.8500,0.0000,0.0000,189.0000,0.9000,0.9000,11067.0000,11067.0000,11067.0000,0.0000,1,0,0.0157,0.2253,0.3126,0.0000,2.5307,0.3173,10011.2274,-0.0081,0.0036222840030470356,0.746830750162953
2022-04-08 00:00:00+05:30,12525.8500,1185.8500,11340.0000,8814.1500,10000.0000,0.0000,2525.8500,0.0000,2525.8500,12525.8500,0.0000,0.0000,273.0000,0.9100,0.9100,11340.0000,11340.0000,11340.0000,0.0000,1,0,0.0223,0.2526,0.3133,0.0000,2.9414,0.3186,10093.5337,0.0082,0.003564576383310598,0.7414558179860912
2022-04-11 00:00:00+05:30,12951.1000,1185.8500,11765.2500,8814.1500,10000.0000,0.0000,2951.1000,0.0000,2951.1000,12951.1000,0.0000,0.0000,425.2500,0.9100,0.9100,11765.2500,11765.2500,11765.2500,0.0000,1,0,0.0339,0.2951,0.3178,0.0000,3.0734,0.3226,10025.1200,-0.0068,0.004392570838445687,0.7266483907614377
2022-04-12 00:00:00+05:30,12861.8500,1185.8500,11676.0000,8814.1500,10000.0000,0.0000,2861.8500,0.0000,2861.8500,12861.8500,0.0000,0.0000,-89.2500,0.9100,0.9100,11676.0000,11676.0000,11676.0000,0.0000,1,0,-0.0069,0.2862,0.3158,-0.0069,2.8977,0.3234,9934.5632,-0.0090,0.004133765931207741,0.7226255729813454
2022-04-13 00:00:00+05:30,12959.1500,1185.8500,11773.3000,8814.1500,10000.0000,0.0000,2959.1500,0.0000,2959.1500,12959.1500,0.0000,0.0000,97.3000,0.9100,0.9100,11773.3000,11773.3000,11773.3000,0.0000,1,0,0.0076,0.2959,0.3139,0.0000,2.6167,0.3178,9904.7935,-0.0030,0.004231656903511848,0.7216536226409062
2022-04-18 00:00:00+05:30,13358.8500,1185.8500,12173.0000,8814.1500,10000.0000,0.0000,3358.8500,0.0000,3358.8500,13358.8500,0.0000,0.0000,399.7000,0.9100,0.9100,12173.0000,12173.0000,12173.0000,0.0000,1,0,0.0308,0.3359,0.3170,0.0000,2.7524,0.3214,9745.0859,-0.0161,0.004337650830306307,0.6756651841544575
2022-04-19 00:00:00+05:30,12894.0500,1185.8500,11708.2000,8814.1500,10000.0000,0.0000,2894.0500,0.0000,2894.0500,12894.0500,0.0000,0.0000,-464.8000,0.9100,0.9100,11708.2000,11708.2000,11708.2000,0.0000,1,0,-0.0348,0.2894,0.3215,-0.0348,2.2743,0.3306,9565.3900,-0.0184,0.0037568840867303367,0.706993532118472
2022-04-20 00:00:00+05:30,12917.8500,1185.8500,11732.0000,8814.1500,10000.0000,0.0000,2917.8500,0.0000,2917.8500,12917.8500,0.0000,0.0000,23.8000,0.9100,0.9100,11732.0000,11732.0000,11732.0000,0.0000,1,0,0.0018,0.2918,0.3193,-0.0330,1.9911,0.3272,9724.5589,0.0166,0.003507814411160521,0.689038593969953
2022-04-21 00:00:00+05:30,12912.6000,1185.8500,11726.7500,8814.1500,10000.0000,0.0000,2912.6000,0.0000,2912.6000,12912.6000,0.0000,0.0000,-5.2500,0.9100,0.9100,11726.7500,11726.7500,11726.7500,0.0000,1,0,-0.0004,0.2913,0.3171,-0.0334,1.9950,0.3272,9866.6032,0.0146,0.0028090526147551385,0.6930441309299866
2022-04-22 00:00:00+05:30,12959.5000,1185.8500,11773.6500,8814.1500,10000.0000,0.0000,2959.5000,0.0000,2959.5000,12959.5000,0.0000,0.0000,46.9000,0.9100,0.9100,11773.6500,11773.6500,11773.6500,0.0000,1,0,0.0036,0.2959,0.3150,-0.0299,2.1419,0.3265,9735.8431,-0.0133,0.0029260194698332307,0.685055651447272
2022-04-25 00:00:00+05:30,12606.3500,1185.8500,11420.5000,8814.1500,10000.0000,0.0000,2606.3500,0.0000,2606.3500,12606.3500,0.0000,0.0000,-353.1500,0.9100,0.9100,11420.5000,11420.5000,11420.5000,0.0000,1,0,-0.0273,0.2606,0.3168,-0.0563,2.3459,0.3205,9630.2030,-0.0109,0.0026474092575165587,0.6999966306459674
2022-04-26 00:00:00+05:30,12693.1500,1185.8500,11507.3000,8814.1500,10000.0000,0.0000,2693.1500,0.0000,2693.1500,12693.1500,0.0000,0.0000,86.8000,0.9100,0.9100,11507.3000,11507.3000,11507.3000,0.0000,1,0,0.0069,0.2693,0.3150,-0.0498,1.9079,0.3078,9753.9601,0.0129,0.0029263603692383997,0.6435716833940746
2022-04-27 00:00:00+05:30,12651.8500,1185.8500,11466.0000,8814.1500,10000.0000,0.0000,2651.8500,0.0000,2651.8500,12651.8500,0.0000,0.0000,-41.3000,0.9100,0.9100,11466.0000,11466.0000,11466.0000,0.0000,1,0,-0.0033,0.2652,0.3130,-0.0529,1.8687,0.3079,9661.0785,-0.0095,0.002309299411607202,0.6163669920182004
2022-04-28 00:00:00+05:30,12581.8500,1185.8500,11396.0000,8814.1500,10000.0000,0.0000,2581.8500,0.0000,2581.8500,12581.8500,0.0000,0.0000,-70.0000,0.9100,0.9100,11396.0000,11396.0000,11396.0000,0.0000,1,0,-0.0055,0.2582,0.3112,-0.0582,1.8178,0.3082,9770.9147,0.0114,0.0020456552537962557,0.6040231847363439
2022-04-29 00:00:00+05:30,12336.5000,1185.8500,11150.6500,8814.1500,10000.0000,0.0000,2336.5000,0.0000,2336.5000,12336.5000,0.0000,0.0000,-245.3500,0.9000,0.9000,11150.6500,11150.6500,11150.6500,0.0000,1,0,-0.0195,0.2336,0.3112,-0.0765,1.3390,0.3102,9703.0113,-0.0069,0.0018001438383351922,0.6131837062080456
2022-05-02 00:00:00+05:30,12210.8500,1185.8500,11025.0000,8814.1500,10000.0000,0.0000,2210.8500,0.0000,2210.8500,12210.8500,0.0000,0.0000,-125.6500,0.9000,0.9000,11025.0000,11025.0000,11025.0000,0.0000,1,0,-0.0102,0.2211,0.3098,-0.0859,1.2826,0.3108,9676.4170,-0.0027,0.0015503712914852683,0.6099540440851626
2022-05-04 00:00:00+05:30,12273.8500,1185.8500,11088.0000,8814.1500,10000.0000,0.0000,2273.8500,0.0000,2273.8500,12273.8500,0.0000,0.0000,63.0000,0.9000,0.9000,11088.0000,11088.0000,11088.0000,0.0000,1,0,0.0052,0.2274,0.3080,-0.0812,1.4411,0.3104,9466.6111,-0.0217,0.0021030377486614717,0.6038998283299118
2022-05-05 00:00:00+05:30,12349.8000,1185.8500,11163.9500,8814.1500,10000.0000,0.0000,2349.8000,0.0000,2349.8000,12349.8000,0.0000,0.0000,75.9500,0.9000,0.9000,11163.9500,11163.9500,11163.9500,0.0000,1,0,0.0062,0.2350,0.3063,-0.0755,1.6261,0.3099,9452.1515,-0.0015,0.002442890500475873,0.6174256929251758
2022-05-06 00:00:00+05:30,12259.8500,1185.8500,11074.0000,8814.1500,10000.0000,0.0000,2259.8500,0.0000,2259.8500,12259.8500,0.0000,0.0000,-89.9500,0.9000,0.9000,11074.0000,11074.0000,11074.0000,0.0000,1,0,-0.0073,0.2260,0.3047,-0.0823,1.6476,0.3097,9321.1929,-0.0139,0.0024295561996721545,0.6182782730190084
2022-05-09 00:00:00+05:30,12126.8500,1185.8500,10941.0000,8814.1500,10000.0000,0.0000,2126.8500,0.0000,2126.8500,12126.8500,0.0000,0.0000,-133.0000,0.9000,0.9000,10941.0000,10941.0000,10941.0000,0.0000,1,0,-0.0108,0.2127,0.3035,-0.0922,1.6302,0.3099,9247.5624,-0.0079,0.0024717080896566436,0.6228800806621841
2022-05-10 00:00:00+05:30,12014.8500,1185.8500,10829.0000,8814.1500,10000.0000,0.0000,2014.8500,0.0000,2014.8500,12014.8500,0.0000,0.0000,-112.0000,0.9000,0.9000,10829.0000,10829.0000,10829.0000,0.0000,1,0,-0.0092,0.2015,0.3021,-0.1006,1.5903,0.3103,9190.4896,-0.0062,0.0023714443850211785,0.6241207829456686
2022-05-11 00:00:00+05:30,12072.6000,1185.8500,10886.7500,8814.1500,10000.0000,0.0000,2072.6000,0.0000,2072.6000,12072.6000,0.0000,0.0000,57.7500,0.9000,0.9000,10886.7500,10886.7500,10886.7500,0.0000,1,0,0.0048,0.2073,0.3005,-0.0963,1.2657,0.3046,9187.3708,-0.0003,0.0025786415380818412,0.6263865516270166
2022-05-12 00:00:00+05:30,11823.4000,1185.8500,10637.5500,8814.1500,10000.0000,0.0000,1823.4000,0.0000,1823.4000,11823.4000,0.0000,0.0000,-249.2000,0.9000,0.9000,10637.5500,10637.5500,10637.5500,0.0000,1,0,-0.0206,0.1823,0.3008,-0.1149,1.1884,0.3060,8974.2761,-0.0232,0.002104361159519187,0.6181509824745063
2022-05-13 00:00:00+05:30,11685.5000,1185.8500,10499.6500,8814.1500,10000.0000,0.0000,1685.5000,0.0000,1685.5000,11685.5000,0.0000,0.0000,-137.9000,0.9000,0.9000,10499.6500,10499.6500,10499.6500,0.0000,1,0,-0.0117,0.1685,0.2998,-0.1253,1.2087,0.3058,8940.6505,-0.0037,0.002297094182633499,0.6342890626264498
2022-05-16 00:00:00+05:30,12447.8000,1185.8500,11261.9500,8814.1500,10000.0000,0.0000,2447.8000,0.0000,2447.8000,12447.8000,0.0000,0.0000,762.3000,0.9000,0.9000,11261.9500,11261.9500,11261.9500,0.0000,1,0,0.0652,0.2448,0.3175,-0.0682,2.3286,0.3265,8995.8521,0.0062,0.00341322209826083,0.6633065432285753
2022-05-17 00:00:00+05:30,12917.8500,1185.8500,11732.0000,8814.1500,10000.0000,0.0000,2917.8500,0.0000,2917.8500,12917.8500,0.0000,0.0000,470.0500,0.9100,0.9100,11732.0000,11732.0000,11732.0000,0.0000,1,0,0.0378,0.2918,0.3220,-0.0330,2.4411,0.3307,9231.7136,0.0262,0.0038781260978277047,0.6731278852403552
2022-05-18 00:00:00+05:30,12966.8500,1185.8500,11781.0000,8814.1500,10000.0000,0.0000,2966.8500,0.0000,2966.8500,12966.8500,0.0000,0.0000,49.0000,0.9100,0.9100,11781.0000,11781.0000,11781.0000,0.0000,1,0,0.0038,0.2967,0.3203,-0.0293,2.5712,0.3301,9218.1045,-0.0015,0.0038656935801734417,0.6689696789850322
2022-05-19 00:00:00+05:30,13030.2000,1185.8500,11844.3500,8814.1500,10000.0000,0.0000,3030.2000,0.0000,3030.2000,13030.2000,0.0000,0.0000,63.3500,0.9100,0.9100,11844.3500,11844.3500,11844.3500,0.0000,1,0,0.0049,0.3030,0.3187,-0.0246,2.6262,0.3301,8975.7504,-0.0263,0.004242741692445651,0.6286690531445688
2022-05-20 00:00:00+05:30,13456.8500,1185.8500,12271.0000,8814.1500,10000.0000,0.0000,3456.8500,0.0000,3456.8500,13456.8500,0.0000,0.0000,426.6500,0.9100,0.9100,12271.0000,12271.0000,12271.0000,0.0000,1,0,0.0327,0.3457,0.3215,0.0000,3.1780,0.3336,9231.9687,0.0285,0.004488163989712858,0.6528701465770386
2022-05-23 00:00:00+05:30,13841.8500,1185.8500,12656.0000,8814.1500,10000.0000,0.0000,3841.8500,0.0000,3841.8500,13841.8500,0.0000,0.0000,385.0000,0.9100,0.9100,12656.0000,12656.0000,12656.0000,0.0000,1,0,0.0286,0.3842,0.3232,0.0000,4.0086,0.3284,9181.3602,-0.0055,0.005217730878499031,0.6434693213774637
2022-05-24 00:00:00+05:30,13624.8500,1185.8500,12439.0000,8814.1500,10000.0000,0.0000,3624.8500,0.0000,3624.8500,13624.8500,0.0000,0.0000,-217.0000,0.9100,0.9100,12439.0000,12439.0000,12439.0000,0.0000,1,0,-0.0157,0.3625,0.3225,-0.0157,3.9168,0.3297,9151.7889,-0.0032,0.005483129996531686,0.6393722447460578
2022-05-25 00:00:00+05:30,13446.7000,1185.8500,12260.8500,8814.1500,10000.0000,0.0000,3446.7000,0.0000,3446.7000,13446.7000,0.0000,0.0000,-178.1500,0.9100,0.9100,12260.8500,12260.8500,12260.8500,0.0000,1,0,-0.0131,0.3447,0.3215,-0.0285,3.5006,0.3305,9094.1206,-0.0063,0.005419616715025708,0.6402111171479211
2022-05-26 00:00:00+05:30,13610.8500,1185.8500,12425.0000,8814.1500,10000.0000,0.0000,3610.8500,0.0000,3610.8500,13610.8500,0.0000,0.0000,164.1500,0.9100,0.9100,12425.0000,12425.0000,12425.0000,0.0000,1,0,0.0122,0.3611,0.3205,-0.0167,3.9368,0.3272,9186.9739,0.0102,0.005187500801327178,0.6412917381074876
2022-05-27 00:00:00+05:30,13765.2000,1185.8500,12579.3500,8814.1500,10000.0000,0.0000,3765.2000,0.0000,3765.2000,13765.2000,0.0000,0.0000,154.3500,0.9100,0.9100,12579.3500,12579.3500,12579.3500,0.0000,1,0,0.0113,0.3765,0.3194,-0.0055,3.8103,0.3254,9274.6104,0.0095,0.0050603790043028335,0.675053852963473
2022-05-30 00:00:00+05:30,13891.2000,1185.8500,12705.3500,8814.1500,10000.0000,0.0000,3891.2000,0.0000,3891.2000,13891.2000,0.0000,0.0000,126.0000,0.9100,0.9100,12705.3500,12705.3500,12705.3500,0.0000,1,0,0.0092,0.3891,0.3181,0.0000,3.4596,0.3144,9451.5845,0.0191,0.00493516108621795,0.661622296131486
2022-05-31 00:00:00+05:30,13964.7000,1185.8500,12778.8500,8814.1500,10000.0000,0.0000,3964.7000,0.0000,3964.7000,13964.7000,0.0000,0.0000,73.5000,0.9200,0.9200,12778.8500,12778.8500,12778.8500,0.0000,1,0,0.0053,0.3965,0.3166,0.0000,3.3979,0.3142,9400.5790,-0.0054,0.0044113783607466475,0.633848693105514
2022-06-01 00:00:00+05:30,14478.8500,1185.8500,13293.0000,8814.1500,10000.0000,0.0000,4478.8500,0.0000,4478.8500,14478.8500,0.0000,0.0000,514.1500,0.9200,0.9200,13293.0000,13293.0000,13293.0000,0.0000,1,0,0.0368,0.4479,0.3203,0.0000,3.9368,0.3199,9379.3432,-0.0023,0.004771309506741266,0.6377284142266326
2022-06-02 00:00:00+05:30,14485.8500,1185.8500,13300.0000,8814.1500,10000.0000,0.0000,4485.8500,0.0000,4485.8500,14485.8500,0.0000,0.0000,7.0000,0.9200,0.9200,13300.0000,13300.0000,13300.0000,0.0000,1,0,0.0005,0.4486,0.3187,0.0000,3.9893,0.3196,9434.1195,0.0058,0.004793038258202755,0.6266754791402908
2022-06-03 00:00:00+05:30,14478.8500,1185.8500,13293.0000,8814.1500,10000.0000,0.0000,4478.8500,0.0000,4478.8500,14478.8500,0.0000,0.0000,-7.0000,0.9200,0.9200,13293.0000,13293.0000,13293.0000,0.0000,1,0,-0.0005,0.4479,0.3172,-0.0005,4.5005,0.3112,9404.1230,-0.0032,0.004702960222679057,0.6313575621627237
2022-06-06 00:00:00+05:30,14396.9500,1185.8500,13211.1000,8814.1500,10000.0000,0.0000,4396.9500,0.0000,4396.9500,14396.9500,0.0000,0.0000,-81.9000,0.9200,0.9200,13211.1000,13211.1000,13211.1000,0.0000,1,0,-0.0057,0.4397,0.3158,-0.0061,4.4803,0.3114,9392.3001,-0.0013,0.004928200804275302,0.5813960440660757
2022-06-07 00:00:00+05:30,14454.3500,1185.8500,13268.5000,8814.1500,10000.0000,0.0000,4454.3500,0.0000,4454.3500,14454.3500,0.0000,0.0000,57.4000,0.9200,0.9200,13268.5000,13268.5000,13268.5000,0.0000,1,0,0.0040,0.4454,0.3144,-0.0022,4.4151,0.3114,9302.2537,-0.0096,0.005235634192401577,0.5888236441716863
2022-06-08 00:00:00+05:30,14093.1500,1185.8500,12907.3000,8814.1500,10000.0000,0.0000,4093.1500,0.0000,4093.1500,14093.1500,0.0000,0.0000,-361.2000,0.9200,0.9200,12907.3000,12907.3000,12907.3000,0.0000,1,0,-0.0250,0.4093,0.3153,-0.0271,3.7297,0.3155,9262.8726,-0.0042,0.004929909215652307,0.6245621815986272
2022-06-09 00:00:00+05:30,14314.0000,1185.8500,13128.1500,8814.1500,10000.0000,0.0000,4314.0000,0.0000,4314.0000,14314.0000,0.0000,0.0000,220.8500,0.9200,0.9200,13128.1500,13128.1500,13128.1500,0.0000,1,0,0.0157,0.4314,0.3148,-0.0119,3.8258,0.3163,9345.8877,0.0090,0.004857879244873236,0.6166301133482015
2022-06-10 00:00:00+05:30,14401.8500,1185.8500,13216.0000,8814.1500,10000.0000,0.0000,4401.8500,0.0000,4401.8500,14401.8500,0.0000,0.0000,87.8500,0.9200,0.9200,13216.0000,13216.0000,13216.0000,0.0000,1,0,0.0061,0.4402,0.3135,-0.0058,3.9214,0.3161,9181.2468,-0.0176,0.005032940567686415,0.593398300970947
2022-06-13 00:00:00+05:30,14170.1500,1185.8500,12984.3000,8814.1500,10000.0000,0.0000,4170.1500,0.0000,4170.1500,14170.1500,0.0000,0.0000,-231.7000,0.9200,0.9200,12984.3000,12984.3000,12984.3000,0.0000,1,0,-0.0161,0.4170,0.3130,-0.0218,3.7161,0.3186,8959.8165,-0.0241,0.005219152100788074,0.6380342535195869
2022-06-14 00:00:00+05:30,14359.8500,1185.8500,13174.0000,8814.1500,10000.0000,0.0000,4359.8500,0.0000,4359.8500,14359.8500,0.0000,0.0000,189.7000,0.9200,0.9200,13174.0000,13174.0000,13174.0000,0.0000,1,0,0.0134,0.4360,0.3122,-0.0087,3.3398,0.3006,8926.3610,-0.0037,0.00537434351370059,0.636182952563365
2022-06-15 00:00:00+05:30,14191.8500,1185.8500,13006.0000,8814.1500,10000.0000,0.0000,4191.8500,0.0000,4191.8500,14191.8500,0.0000,0.0000,-168.0000,0.9200,0.9200,13006.0000,13006.0000,13006.0000,0.0000,1,0,-0.0117,0.4192,0.3113,-0.0203,3.2802,0.3013,8896.2793,-0.0034,0.004391864463671794,0.5500597271040835
2022-06-16 00:00:00+05:30,13754.3500,1185.8500,12568.5000,8814.1500,10000.0000,0.0000,3754.3500,0.0000,3754.3500,13754.3500,0.0000,0.0000,-437.5000,0.9100,0.9100,12568.5000,12568.5000,12568.5000,0.0000,1,0,-0.0308,0.3754,0.3133,-0.0505,2.8192,0.3093,8703.0878,-0.0217,0.004597116132250952,0.6592751230043244
2022-06-17 00:00:00+05:30,14716.8500,1185.8500,13531.0000,8814.1500,10000.0000,0.0000,4716.8500,0.0000,4716.8500,14716.8500,0.0000,0.0000,962.5000,0.9200,0.9200,13531.0000,13531.0000,13531.0000,0.0000,1,0,0.0700,0.4717,0.3288,0.0000,3.6609,0.3356,8695.9431,-0.0008,0.005699128155820637,0.6654766666902314
2022-06-20 00:00:00+05:30,13253.1500,1185.8500,12067.3000,8814.1500,10000.0000,0.0000,3253.1500,0.0000,3253.1500,13253.1500,0.0000,0.0000,-1463.7000,0.9100,0.9100,12067.3000,12067.3000,12067.3000,0.0000,1,0,-0.0995,0.3253,0.3590,-0.0995,2.1407,0.3971,8714.8256,0.0022,0.004423327767438426,0.6639549579920909
2022-06-21 00:00:00+05:30,13820.8500,1185.8500,12635.0000,8814.1500,10000.0000,0.0000,3820.8500,0.0000,3820.8500,13820.8500,0.0000,0.0000,567.7000,0.9100,0.9100,12635.0000,12635.0000,12635.0000,0.0000,1,0,0.0428,0.3821,0.3630,-0.0609,2.5762,0.4050,8865.2337,0.0173,0.005103109117756356,0.7159131160341313
2022-06-22 00:00:00+05:30,13666.8500,1185.8500,12481.0000,8814.1500,10000.0000,0.0000,3666.8500,0.0000,3666.8500,13666.8500,0.0000,0.0000,-154.0000,0.9100,0.9100,12481.0000,12481.0000,12481.0000,0.0000,1,0,-0.0111,0.3667,0.3618,-0.0713,2.5202,0.4056,8733.0844,-0.0149,0.005144924154816074,0.7241449535589332
2022-06-23 00:00:00+05:30,13610.5000,1185.8500,12424.6500,8814.1500,10000.0000,0.0000,3610.5000,0.0000,3610.5000,13610.5000,0.0000,0.0000,-56.3500,0.9100,0.9100,12424.6500,12424.6500,12424.6500,0.0000,1,0,-0.0041,0.3611,0.3603,-0.0752,2.3995,0.4059,8833.1391,0.0115,0.0049912751921687305,0.6998601941465532
2022-06-24 00:00:00+05:30,13735.4500,1185.8500,12549.6000,8814.1500,10000.0000,0.0000,3735.4500,0.0000,3735.4500,13735.4500,0.0000,0.0000,124.9500,0.9100,0.9100,12549.6000,12549.6000,12549.6000,0.0000,1,0,0.0092,0.3735,0.3590,-0.0667,2.5427,0.4057,8901.9781,0.0078,0.004953636517327749,0.6982706683865598
2022-06-27 00:00:00+05:30,13848.8500,1185.8500,12663.0000,8814.1500,10000.0000,0.0000,3848.8500,0.0000,3848.8500,13848.8500,0.0000,0.0000,113.4000,0.9100,0.9100,12663.0000,12663.0000,12663.0000,0.0000,1,0,0.0083,0.3849,0.3577,-0.0590,2.5620,0.4057,8979.7481,0.0087,0.00515804415094517,0.708287901238409
2022-06-28 00:00:00+05:30,13770.4500,1185.8500,12584.6000,8814.1500,10000.0000,0.0000,3770.4500,0.0000,3770.4500,13770.4500,0.0000,0.0000,-78.4000,0.9100,0.9100,12584.6000,12584.6000,12584.6000,0.0000,1,0,-0.0057,0.3770,0.3563,-0.0643,1.9979,0.3918,9001.6643,0.0024,0.0050208269756388275,0.7072784508578563
2022-06-29 00:00:00+05:30,13659.1500,1185.8500,12473.3000,8814.1500,10000.0000,0.0000,3659.1500,0.0000,3659.1500,13659.1500,0.0000,0.0000,-111.3000,0.9100,0.9100,12473.3000,12473.3000,12473.3000,0.0000,1,0,-0.0081,0.3659,0.3550,-0.0719,1.7328,0.3915,8950.0350,-0.0057,0.004038591834573059,0.7035815555299949
2022-06-30 00:00:00+05:30,13540.8500,1185.8500,12355.0000,8814.1500,10000.0000,0.0000,3540.8500,0.0000,3540.8500,13540.8500,0.0000,0.0000,-118.3000,0.9100,0.9100,12355.0000,12355.0000,12355.0000,0.0000,1,0,-0.0087,0.3541,0.3538,-0.0799,1.3905,0.3896,8922.9304,-0.0030,0.0037915644709784323,0.6987370133236269
2022-07-01 00:00:00+05:30,13347.6500,1185.8500,12161.8000,8814.1500,10000.0000,0.0000,3347.6500,0.0000,3347.6500,13347.6500,0.0000,0.0000,-193.2000,0.9100,0.9100,12161.8000,12161.8000,12161.8000,0.0000,1,0,-0.0143,0.3348,0.3530,-0.0930,1.3184,0.3906,8938.8643,0.0018,0.0033189327677508418,0.6740215142989293
2022-07-04 00:00:00+05:30,13680.5000,1185.8500,12494.6500,8814.1500,10000.0000,0.0000,3680.5000,0.0000,3680.5000,13680.5000,0.0000,0.0000,332.8500,0.9100,0.9100,12494.6500,12494.6500,12494.6500,0.0000,1,0,0.0249,0.3680,0.3534,-0.0704,1.5365,0.3933,8975.8071,0.0041,0.003766245306128015,0.6840596114485509
2022-07-05 00:00:00+05:30,13505.5000,1185.8500,12319.6500,8814.1500,10000.0000,0.0000,3505.5000,0.0000,3505.5000,13505.5000,0.0000,0.0000,-175.0000,0.9100,0.9100,12319.6500,12319.6500,12319.6500,0.0000,1,0,-0.0128,0.3505,0.3525,-0.0823,1.2315,0.3936,8959.2495,-0.0018,0.0034415317751904126,0.6870701054458218
2022-07-06 00:00:00+05:30,13414.8500,1185.8500,12229.0000,8814.1500,10000.0000,0.0000,3414.8500,0.0000,3414.8500,13414.8500,0.0000,0.0000,-90.6500,0.9100,0.9100,12229.0000,12229.0000,12229.0000,0.0000,1,0,-0.0067,0.3415,0.3512,-0.0885,0.9266,0.3916,9077.2511,0.0132,0.0028059100167100006,0.6682483809689623
2022-07-07 00:00:00+05:30,13267.1500,1185.8500,12081.3000,8814.1500,10000.0000,0.0000,3267.1500,0.0000,3267.1500,13267.1500,0.0000,0.0000,-147.7000,0.9100,0.9100,12081.3000,12081.3000,12081.3000,0.0000,1,0,-0.0110,0.3267,0.3502,-0.0985,0.4509,0.3865,9151.4487,0.0082,0.002203977850123005,0.6313615107725191
2022-07-08 00:00:00+05:30,13365.8500,1185.8500,12180.0000,8814.1500,10000.0000,0.0000,3365.8500,0.0000,3365.8500,13365.8500,0.0000,0.0000,98.7000,0.9100,0.9100,12180.0000,12180.0000,12180.0000,0.0000,1,0,0.0074,0.3366,0.3490,-0.0918,0.6065,0.3864,9196.0182,0.0049,0.001680882785720839,0.6551243868046479
2022-07-11 00:00:00+05:30,13400.8500,1185.8500,12215.0000,8814.1500,10000.0000,0.0000,3400.8500,0.0000,3400.8500,13400.8500,0.0000,0.0000,35.0000,0.9100,0.9100,12215.0000,12215.0000,12215.0000,0.0000,1,0,0.0026,0.3401,0.3477,-0.0894,0.5525,0.3862,9185.5563,-0.0011,0.0017489490716546588,0.6527513943821812
2022-07-12 00:00:00+05:30,13372.5000,1185.8500,12186.6500,8814.1500,10000.0000,0.0000,3372.5000,0.0000,3372.5000,13372.5000,0.0000,0.0000,-28.3500,0.9100,0.9100,12186.6500,12186.6500,12186.6500,0.0000,1,0,-0.0021,0.3373,0.3464,-0.0913,0.1972,0.3812,9094.0923,-0.0100,0.0016629346347729402,0.6516326246806586
2022-07-13 00:00:00+05:30,13260.5000,1185.8500,12074.6500,8814.1500,10000.0000,0.0000,3260.5000,0.0000,3260.5000,13260.5000,0.0000,0.0000,-112.0000,0.9100,0.9100,12074.6500,12074.6500,12074.6500,0.0000,1,0,-0.0084,0.3260,0.3453,-0.0990,0.4968,0.3746,9058.9356,-0.0039,0.0009700804375018428,0.7233304369109465
2022-07-14 00:00:00+05:30,13295.8500,1185.8500,12110.0000,8814.1500,10000.0000,0.0000,3295.8500,0.0000,3295.8500,13295.8500,0.0000,0.0000,35.3500,0.9100,0.9100,12110.0000,12110.0000,12110.0000,0.0000,1,0,0.0027,0.3296,0.3440,-0.0966,0.5068,0.3746,9043.1718,-0.0017,0.001345929208512379,0.6753472010738325
2022-07-15 00:00:00+05:30,13260.8500,1185.8500,12075.0000,8814.1500,10000.0000,0.0000,3260.8500,0.0000,3260.8500,13260.8500,0.0000,0.0000,-35.0000,0.9100,0.9100,12075.0000,12075.0000,12075.0000,0.0000,1,0,-0.0026,0.3261,0.3427,-0.0989,0.4821,0.3746,9102.6546,0.0066,0.0014012594218856687,0.6911358847879868
2022-07-18 00:00:00+05:30,13638.8500,1185.8500,12453.0000,8814.1500,10000.0000,0.0000,3638.8500,0.0000,3638.8500,13638.8500,0.0000,0.0000,378.0000,0.9100,0.9100,12453.0000,12453.0000,12453.0000,0.0000,1,0,0.0285,0.3639,0.3436,-0.0732,0.7527,0.3789,9232.2523,0.0142,0.0019365781126556346,0.7472048431189725
2022-07-19 00:00:00+05:30,13976.2500,1185.8500,12790.4000,8814.1500,10000.0000,0.0000,3976.2500,0.0000,3976.2500,13976.2500,0.0000,0.0000,337.4000,0.9200,0.9200,12790.4000,12790.4000,12790.4000,0.0000,1,0,0.0247,0.3976,0.3440,-0.0503,1.3350,0.3772,9259.4136,0.0029,0.0021053262600704598,0.7752159913876183
2022-07-20 00:00:00+05:30,13960.8500,1185.8500,12775.0000,8814.1500,10000.0000,0.0000,3960.8500,0.0000,3960.8500,13960.8500,0.0000,0.0000,-15.4000,0.9200,0.9200,12775.0000,12775.0000,12775.0000,0.0000,1,0,-0.0011,0.3961,0.3427,-0.0514,1.2462,0.3771,9353.8263,0.0102,0.0022497300437758975,0.7324843890388953
2022-07-21 00:00:00+05:30,14100.8500,1185.8500,12915.0000,8814.1500,10000.0000,0.0000,4100.8500,0.0000,4100.8500,14100.8500,0.0000,0.0000,140.0000,0.9200,0.9200,12915.0000,12915.0000,12915.0000,0.0000,1,0,0.0100,0.4101,0.3417,-0.0419,1.3936,0.3773,9418.4692,0.0069,0.002377367980296355,0.7432506774104594
2022-07-22 00:00:00+05:30,14282.8500,1185.8500,13097.0000,8814.1500,10000.0000,0.0000,4282.8500,0.0000,4282.8500,14282.8500,0.0000,0.0000,182.0000,0.9200,0.9200,13097.0000,13097.0000,13097.0000,0.0000,1,0,0.0129,0.4283,0.3409,-0.0295,1.5971,0.3776,9477.7251,0.0063,0.0024519206820771506,0.7498830113586525
2022-07-25 00:00:00+05:30,14499.8500,1185.8500,13314.0000,8814.1500,10000.0000,0.0000,4499.8500,0.0000,4499.8500,14499.8500,0.0000,0.0000,217.0000,0.9200,0.9200,13314.0000,13314.0000,13314.0000,0.0000,1,0,0.0152,0.4500,0.3403,-0.0147,1.9931,0.3757,9418.6109,-0.0062,0.0030145598750478033,0.7626030909067397
2022-07-26 00:00:00+05:30,14359.1500,1185.8500,13173.3000,8814.1500,10000.0000,0.0000,4359.1500,0.0000,4359.1500,14359.1500,0.0000,0.0000,-140.7000,0.9200,0.9200,13173.3000,13173.3000,13173.3000,0.0000,1,0,-0.0097,0.4359,0.3393,-0.0243,1.9990,0.3757,9337.2403,-0.0086,0.0031918594810041493,0.7546993103974555
2022-07-27 00:00:00+05:30,14758.8500,1185.8500,13573.0000,8814.1500,10000.0000,0.0000,4758.8500,0.0000,4758.8500,14758.8500,0.0000,0.0000,399.7000,0.9200,0.9200,13573.0000,13573.0000,13573.0000,0.0000,1,0,0.0278,0.4759,0.3401,0.0000,2.2315,0.3791,9437.1532,0.0107,0.0036554571759950427,0.774731327935397
2022-07-28 00:00:00+05:30,15423.8500,1185.8500,14238.0000,8814.1500,10000.0000,0.0000,5423.8500,0.0000,5423.8500,15423.8500,0.0000,0.0000,665.0000,0.9200,0.9200,14238.0000,14238.0000,14238.0000,0.0000,1,0,0.0451,0.5424,0.3442,0.0000,2.5973,0.3886,9595.5283,0.0168,0.003788364612821053,0.8898256837923033
2022-07-29 00:00:00+05:30,15388.8500,1185.8500,14203.0000,8814.1500,10000.0000,0.0000,5388.8500,0.0000,5388.8500,15388.8500,0.0000,0.0000,-35.0000,0.9200,0.9200,14203.0000,14203.0000,14203.0000,0.0000,1,0,-0.0023,0.5389,0.3430,-0.0023,2.6547,0.3881,9729.2937,0.0139,0.0034400203428201098,0.8588771394982406
2022-08-01 00:00:00+05:30,15402.8500,1185.8500,14217.0000,8814.1500,10000.0000,0.0000,5402.8500,0.0000,5402.8500,15402.8500,0.0000,0.0000,14.0000,0.9200,0.9200,14217.0000,14217.0000,14217.0000,0.0000,1,0,0.0009,0.5403,0.3418,-0.0014,2.7898,0.3869,9827.7040,0.0101,0.00324743416437495,0.8476129241435684
2022-08-02 00:00:00+05:30,15535.8500,1185.8500,14350.0000,8814.1500,10000.0000,0.0000,5535.8500,0.0000,5535.8500,15535.8500,0.0000,0.0000,133.0000,0.9200,0.9200,14350.0000,14350.0000,14350.0000,0.0000,1,0,0.0086,0.5536,0.3408,0.0000,2.9902,0.3860,9806.9219,-0.0021,0.003497023592241457,0.8359712762422756
2022-08-03 00:00:00+05:30,15364.0000,1185.8500,14178.1500,8814.1500,10000.0000,0.0000,5364.0000,0.0000,5364.0000,15364.0000,0.0000,0.0000,-171.8500,0.9200,0.9200,14178.1500,14178.1500,14178.1500,0.0000,1,0,-0.0111,0.5364,0.3399,-0.0111,2.8075,0.3873,9862.5204,0.0057,0.0033265555165183838,0.8171469534479523
2022-08-04 00:00:00+05:30,15206.8500,1185.8500,14021.0000,8814.1500,10000.0000,0.0000,5206.8500,0.0000,5206.8500,15206.8500,0.0000,0.0000,-157.1500,0.9200,0.9200,14021.0000,14021.0000,14021.0000,0.0000,1,0,-0.0102,0.5207,0.3390,-0.0212,2.9375,0.3850,9846.1329,-0.0017,0.0030924094949783916,0.8221208066909533
2022-08-05 00:00:00+05:30,15241.1500,1185.8500,14055.3000,8814.1500,10000.0000,0.0000,5241.1500,0.0000,5241.1500,15241.1500,0.0000,0.0000,34.3000,0.9200,0.9200,14055.3000,14055.3000,14055.3000,0.0000,1,0,0.0023,0.5241,0.3379,-0.0190,3.1019,0.3836,9860.3373,0.0014,0.0031621961494817676,0.8056253356401676
2022-08-08 00:00:00+05:30,16263.8500,1185.8500,15078.0000,8814.1500,10000.0000,0.0000,6263.8500,0.0000,6263.8500,16263.8500,0.0000,0.0000,1022.7000,0.9300,0.9300,15078.0000,15078.0000,15078.0000,0.0000,1,0,0.0671,0.6264,0.3478,0.0000,3.1122,0.3849,9939.0429,0.0080,0.0042240888243276695,0.8474388781871997
2022-08-10 00:00:00+05:30,16410.8500,1185.8500,15225.0000,8814.1500,10000.0000,0.0000,6410.8500,0.0000,6410.8500,16410.8500,0.0000,0.0000,147.0000,0.9300,0.9300,15225.0000,15225.0000,15225.0000,0.0000,1,0,0.0090,0.6411,0.3468,0.0000,2.8428,0.3788,9936.7180,-0.0002,0.003455104313623234,0.8099551684012741
2022-08-11 00:00:00+05:30,17035.6000,1185.8500,15849.7500,8814.1500,10000.0000,0.0000,7035.6000,0.0000,7035.6000,17035.6000,0.0000,0.0000,624.7500,0.9300,0.9300,15849.7500,15849.7500,15849.7500,0.0000,1,0,0.0381,0.7036,0.3491,0.0000,3.1705,0.3851,10001.8712,0.0066,0.0037584883392670168,0.7825899758201726
2022-08-12 00:00:00+05:30,17159.8500,1185.8500,15974.0000,8814.1500,10000.0000,0.0000,7159.8500,0.0000,7159.8500,17159.8500,0.0000,0.0000,124.2500,0.9300,0.9300,15974.0000,15974.0000,15974.0000,0.0000,1,0,0.0073,0.7160,0.3481,0.0000,3.1964,0.3851,10035.8938,0.0034,0.00375212312174073,0.783412150003634
2022-08-16 00:00:00+05:30,17236.8500,1185.8500,16051.0000,8814.1500,10000.0000,0.0000,7236.8500,0.0000,7236.8500,17236.8500,0.0000,0.0000,77.0000,0.9300,0.9300,16051.0000,16051.0000,16051.0000,0.0000,1,0,0.0045,0.7237,0.3470,0.0000,2.9222,0.3807,10109.4109,0.0073,0.0031032923796713557,0.8888158982808739
2022-08-17 00:00:00+05:30,17213.4000,1185.8500,16027.5500,8814.1500,10000.0000,0.0000,7213.4000,0.0000,7213.4000,17213.4000,0.0000,0.0000,-23.4500,0.9300,0.9300,16027.5500,16027.5500,16027.5500,0.0000,1,0,-0.0014,0.7213,0.3459,-0.0014,2.6131,0.3775,10166.5405,0.0057,0.002928398470104018,0.8576646027531172
2022-08-18 00:00:00+05:30,17404.8500,1185.8500,16219.0000,8814.1500,10000.0000,0.0000,7404.8500,0.0000,7404.8500,17404.8500,0.0000,0.0000,191.4500,0.9300,0.9300,16219.0000,16219.0000,16219.0000,0.0000,1,0,0.0111,0.7405,0.3451,0.0000,2.9264,0.3756,10186.6138,0.0020,0.0024569073182003384,0.9033933890519656
2022-08-19 00:00:00+05:30,16879.8500,1185.8500,15694.0000,8814.1500,10000.0000,0.0000,6879.8500,0.0000,6879.8500,16879.8500,0.0000,0.0000,-525.0000,0.9300,0.9300,15694.0000,15694.0000,15694.0000,0.0000,1,0,-0.0302,0.6880,0.3461,-0.0302,2.6993,0.3806,10052.6499,-0.0132,0.0022930137525647917,0.9497081265952851
2022-08-22 00:00:00+05:30,16760.8500,1185.8500,15575.0000,8814.1500,10000.0000,0.0000,6760.8500,0.0000,6760.8500,16760.8500,0.0000,0.0000,-119.0000,0.9300,0.9300,15575.0000,15575.0000,15575.0000,0.0000,1,0,-0.0070,0.6761,0.3451,-0.0370,2.4856,0.3809,9920.0470,-0.0132,0.0025344262469341183,0.9264561758593505
2022-08-23 00:00:00+05:30,16954.0500,1185.8500,15768.2000,8814.1500,10000.0000,0.0000,6954.0500,0.0000,6954.0500,16954.0500,0.0000,0.0000,193.2000,0.9300,0.9300,15768.2000,15768.2000,15768.2000,0.0000,1,0,0.0115,0.6954,0.3443,-0.0259,2.4876,0.3809,9994.4430,0.0075,0.0025612276727033354,0.9284871584421269
2022-08-24 00:00:00+05:30,16725.8500,1185.8500,15540.0000,8814.1500,10000.0000,0.0000,6725.8500,0.0000,6725.8500,16725.8500,0.0000,0.0000,-228.2000,0.9300,0.9300,15540.0000,15540.0000,15540.0000,0.0000,1,0,-0.0135,0.6726,0.3436,-0.0390,2.2288,0.3823,9984.2362,-0.0010,0.002306715177316107,0.9354385021918425
2022-08-25 00:00:00+05:30,16708.7000,1185.8500,15522.8500,8814.1500,10000.0000,0.0000,6708.7000,0.0000,6708.7000,16708.7000,0.0000,0.0000,-17.1500,0.9300,0.9300,15522.8500,15522.8500,15522.8500,0.0000,1,0,-0.0010,0.6709,0.3425,-0.0400,2.1592,0.3824,9927.9005,-0.0056,0.002485701066913528,0.9743905270474746
2022-08-26 00:00:00+05:30,17103.8500,1185.8500,15918.0000,8814.1500,10000.0000,0.0000,7103.8500,0.0000,7103.8500,17103.8500,0.0000,0.0000,395.1500,0.9300,0.9300,15918.0000,15918.0000,15918.0000,0.0000,1,0,0.0236,0.7104,0.3427,-0.0173,2.0355,0.3784,9970.2586,0.0043,0.0026088327217002874,0.9968103107965753
2022-08-29 00:00:00+05:30,17234.4000,1185.8500,16048.5500,8814.1500,10000.0000,0.0000,7234.4000,0.0000,7234.4000,17234.4000,0.0000,0.0000,130.5500,0.9300,0.9300,16048.5500,16048.5500,16048.5500,0.0000,1,0,0.0076,0.7234,0.3418,-0.0098,2.1139,0.3785,9832.0135,-0.0139,0.00234664318361084,0.9638454568655863
2022-08-30 00:00:00+05:30,17229.8500,1185.8500,16044.0000,8814.1500,10000.0000,0.0000,7229.8500,0.0000,7229.8500,17229.8500,0.0000,0.0000,-4.5500,0.9300,0.9300,16044.0000,16044.0000,16044.0000,0.0000,1,0,-0.0003,0.7230,0.3408,-0.0101,2.1162,0.3785,10061.7226,0.0234,0.002162521149306306,0.8677015315860954
2022-09-01 00:00:00+05:30,17327.8500,1185.8500,16142.0000,8814.1500,10000.0000,0.0000,7327.8500,0.0000,7327.8500,17327.8500,0.0000,0.0000,98.0000,0.9300,0.9300,16142.0000,16142.0000,16142.0000,0.0000,1,0,0.0057,0.7328,0.3398,-0.0044,2.2452,0.3781,9959.1162,-0.0102,0.002388457140115597,0.8428911850070407
2022-09-02 00:00:00+05:30,17775.8500,1185.8500,16590.0000,8814.1500,10000.0000,0.0000,7775.8500,0.0000,7775.8500,17775.8500,0.0000,0.0000,448.0000,0.9300,0.9300,16590.0000,16590.0000,16590.0000,0.0000,1,0,0.0259,0.7776,0.3403,0.0000,2.4701,0.3809,9939.0429,-0.0020,0.002932881390328908,0.8265493081804149
2022-09-05 00:00:00+05:30,17817.5000,1185.8500,16631.6500,8814.1500,10000.0000,0.0000,7817.5000,0.0000,7817.5000,17817.5000,0.0000,0.0000,41.6500,0.9300,0.9300,16631.6500,16631.6500,16631.6500,0.0000,1,0,0.0023,0.7817,0.3393,0.0000,2.8059,0.3762,10010.5186,0.0072,0.0026643984859873997,0.837170310563132
2022-09-06 00:00:00+05:30,17978.8500,1185.8500,16793.0000,8814.1500,10000.0000,0.0000,7978.8500,0.0000,7978.8500,17978.8500,0.0000,0.0000,161.3500,0.9300,0.9300,16793.0000,16793.0000,16793.0000,0.0000,1,0,0.0091,0.7979,0.3385,0.0000,2.7367,0.3755,10009.2144,-0.0001,0.0032016146063842256,0.8109456295776533
2022-09-07 00:00:00+05:30,18111.8500,1185.8500,16926.0000,8814.1500,10000.0000,0.0000,8111.8500,0.0000,8111.8500,18111.8500,0.0000,0.0000,133.0000,0.9300,0.9300,16926.0000,16926.0000,16926.0000,0.0000,1,0,0.0074,0.8112,0.3376,0.0000,2.7510,0.3756,9996.6828,-0.0013,0.003212668723892297,0.8010806016196206
2022-09-08 00:00:00+05:30,18153.8500,1185.8500,16968.0000,8814.1500,10000.0000,0.0000,8153.8500,0.0000,8153.8500,18153.8500,0.0000,0.0000,42.0000,0.9300,0.9300,16968.0000,16968.0000,16968.0000,0.0000,1,0,0.0023,0.8154,0.3366,0.0000,2.9753,0.3732,10093.4203,0.0097,0.0027119609915066127,0.8511946278533322
2022-09-09 00:00:00+05:30,18209.8500,1185.8500,17024.0000,8814.1500,10000.0000,0.0000,8209.8500,0.0000,8209.8500,18209.8500,0.0000,0.0000,56.0000,0.9300,0.9300,17024.0000,17024.0000,17024.0000,0.0000,1,0,0.0031,0.8210,0.3356,0.0000,2.8629,0.3728,10109.9780,0.0016,0.002646752108980143,0.8613686176777469
2022-09-12 00:00:00+05:30,19504.8500,1185.8500,18319.0000,8814.1500,10000.0000,0.0000,9504.8500,0.0000,9504.8500,19504.8500,0.0000,0.0000,1295.0000,0.9400,0.9400,18319.0000,18319.0000,18319.0000,0.0000,1,0,0.0711,0.9505,0.3455,0.0000,3.5770,0.3956,10167.9865,0.0057,0.0033072535122237456,0.9311398055463183
2022-09-13 00:00:00+05:30,19350.8500,1185.8500,18165.0000,8814.1500,10000.0000,0.0000,9350.8500,0.0000,9350.8500,19350.8500,0.0000,0.0000,-154.0000,0.9400,0.9400,18165.0000,18165.0000,18165.0000,0.0000,1,0,-0.0079,0.9351,0.3446,-0.0079,3.8816,0.3893,10244.4805,0.0075,0.0032894686353894032,0.8944934706718058
2022-09-14 00:00:00+05:30,19174.1000,1185.8500,17988.2500,8814.1500,10000.0000,0.0000,9174.1000,0.0000,9174.1000,19174.1000,0.0000,0.0000,-176.7500,0.9400,0.9400,17988.2500,17988.2500,17988.2500,0.0000,1,0,-0.0091,0.9174,0.3438,-0.0170,3.2135,0.3669,10207.1408,-0.0036,0.0035851723796829086,0.8171038056101553
2022-09-15 00:00:00+05:30,19000.8500,1185.8500,17815.0000,8814.1500,10000.0000,0.0000,9000.8500,0.0000,9000.8500,19000.8500,0.0000,0.0000,-173.2500,0.9400,0.9400,17815.0000,17815.0000,17815.0000,0.0000,1,0,-0.0090,0.9001,0.3430,-0.0258,5.2420,0.2974,10134.3608,-0.0071,0.002187338733963311,0.8906871597243222
2022-09-16 00:00:00+05:30,18545.8500,1185.8500,17360.0000,8814.1500,10000.0000,0.0000,8545.8500,0.0000,8545.8500,18545.8500,0.0000,0.0000,-455.0000,0.9400,0.9400,17360.0000,17360.0000,17360.0000,0.0000,1,0,-0.0239,0.8546,0.3432,-0.0492,4.3540,0.2937,9951.6596,-0.0180,0.0036210829143880565,0.9361014089591664
2022-09-19 00:00:00+05:30,18559.8500,1185.8500,17374.0000,8814.1500,10000.0000,0.0000,8559.8500,0.0000,8559.8500,18559.8500,0.0000,0.0000,14.0000,0.9400,0.9400,17374.0000,17374.0000,17374.0000,0.0000,1,0,0.0008,0.8560,0.3422,-0.0484,4.5519,0.2919,9998.0153,0.0047,0.003304936813713701,0.8469207799580729
2022-09-20 00:00:00+05:30,18440.5000,1185.8500,17254.6500,8814.1500,10000.0000,0.0000,8440.5000,0.0000,8440.5000,18440.5000,0.0000,0.0000,-119.3500,0.9400,0.9400,17254.6500,17254.6500,17254.6500,0.0000,1,0,-0.0064,0.8440,0.3413,-0.0546,4.5133,0.2923,10089.1958,0.0091,0.003139334311631862,0.8090515838070593
2022-09-21 00:00:00+05:30,18440.8500,1185.8500,17255.0000,8814.1500,10000.0000,0.0000,8440.8500,0.0000,8440.8500,18440.8500,0.0000,0.0000,0.3500,0.9400,0.9400,17255.0000,17255.0000,17255.0000,0.0000,1,0,0.0000,0.8441,0.3403,-0.0546,4.3800,0.2924,10047.2063,-0.0042,0.0033291358526678413,0.8484748547032045
2022-09-22 00:00:00+05:30,18615.5000,1185.8500,17429.6500,8814.1500,10000.0000,0.0000,8615.5000,0.0000,8615.5000,18615.5000,0.0000,0.0000,174.6500,0.9400,0.9400,17429.6500,17429.6500,17429.6500,0.0000,1,0,0.0095,0.8616,0.3395,-0.0456,4.3963,0.2924,10000.3402,-0.0047,0.0035386728994877205,0.8323286294174363
2022-09-23 00:00:00+05:30,18237.8500,1185.8500,17052.0000,8814.1500,10000.0000,0.0000,8237.8500,0.0000,8237.8500,18237.8500,0.0000,0.0000,-377.6500,0.9300,0.9300,17052.0000,17052.0000,17052.0000,0.0000,1,0,-0.0203,0.8238,0.3394,-0.0650,4.1327,0.2962,9828.1293,-0.0172,0.0033529416821079508,0.879217286671504
2022-09-26 00:00:00+05:30,17495.8500,1185.8500,16310.0000,8814.1500,10000.0000,0.0000,7495.8500,0.0000,7495.8500,17495.8500,0.0000,0.0000,-742.0000,0.9300,0.9300,16310.0000,16310.0000,16310.0000,0.0000,1,0,-0.0407,0.7496,0.3418,-0.1030,3.5126,0.3096,9655.5214,-0.0176,0.002923548738769128,1.00043719656196
2022-09-27 00:00:00+05:30,17187.8500,1185.8500,16002.0000,8814.1500,10000.0000,0.0000,7187.8500,0.0000,7187.8500,17187.8500,0.0000,0.0000,-308.0000,0.9300,0.9300,16002.0000,16002.0000,16002.0000,0.0000,1,0,-0.0176,0.7188,0.3415,-0.1188,3.3687,0.3117,9662.9497,0.0008,0.002668610823868237,0.9946543057927906
2022-09-28 00:00:00+05:30,17177.3500,1185.8500,15991.5000,8814.1500,10000.0000,0.0000,7177.3500,0.0000,7177.3500,17177.3500,0.0000,0.0000,-10.5000,0.9300,0.9300,15991.5000,15991.5000,15991.5000,0.0000,1,0,-0.0006,0.7177,0.3406,-0.1193,3.5786,0.3095,9541.1489,-0.0126,0.0029970728973054,0.9598953458857663
2022-09-29 00:00:00+05:30,17425.8500,1185.8500,16240.0000,8814.1500,10000.0000,0.0000,7425.8500,0.0000,7425.8500,17425.8500,0.0000,0.0000,248.5000,0.9300,0.9300,16240.0000,16240.0000,16240.0000,0.0000,1,0,0.0145,0.7426,0.3401,-0.1066,3.4623,0.3073,9550.6469,0.0010,0.0034789356926900657,0.962300597830789
2022-09-30 00:00:00+05:30,17670.8500,1185.8500,16485.0000,8814.1500,10000.0000,0.0000,7670.8500,0.0000,7670.8500,17670.8500,0.0000,0.0000,245.0000,0.9300,0.9300,16485.0000,16485.0000,16485.0000,0.0000,1,0,0.0141,0.7671,0.3396,-0.0940,3.8478,0.3058,9700.5163,0.0157,0.0031501946955545873,0.9389600381319521
2022-10-03 00:00:00+05:30,17249.4500,1185.8500,16063.6000,8814.1500,10000.0000,0.0000,7249.4500,0.0000,7249.4500,17249.4500,0.0000,0.0000,-421.4000,0.9300,0.9300,16063.6000,16063.6000,16063.6000,0.0000,1,0,-0.0238,0.7249,0.3398,-0.1156,3.5584,0.3105,9569.4160,-0.0135,0.003112666115517276,0.9717822743310623
2022-10-04 00:00:00+05:30,17727.2000,1185.8500,16541.3500,8814.1500,10000.0000,0.0000,7727.2000,0.0000,7727.2000,17727.2000,0.0000,0.0000,477.7500,0.9300,0.9300,16541.3500,16541.3500,16541.3500,0.0000,1,0,0.0277,0.7727,0.3404,-0.0911,4.0566,0.3125,9797.0553,0.0238,0.0034356042656078,1.027210636913779
2022-10-06 00:00:00+05:30,18517.8500,1185.8500,17332.0000,8814.1500,10000.0000,0.0000,8517.8500,0.0000,8517.8500,18517.8500,0.0000,0.0000,790.6500,0.9400,0.9400,17332.0000,17332.0000,17332.0000,0.0000,1,0,0.0446,0.8518,0.3434,-0.0506,4.4108,0.3228,9819.0850,0.0022,0.0044023907870835415,1.0642938369771142
2022-10-07 00:00:00+05:30,18393.6000,1185.8500,17207.7500,8814.1500,10000.0000,0.0000,8393.6000,0.0000,8393.6000,18393.6000,0.0000,0.0000,-124.2500,0.9400,0.9400,17207.7500,17207.7500,17207.7500,0.0000,1,0,-0.0067,0.8394,0.3426,-0.0570,4.2773,0.3237,9818.9999,-0.0000,0.004252060011454039,1.068142291685874
2022-10-10 00:00:00+05:30,18125.8500,1185.8500,16940.0000,8814.1500,10000.0000,0.0000,8125.8500,0.0000,8125.8500,18125.8500,0.0000,0.0000,-267.7500,0.9300,0.9300,16940.0000,16940.0000,16940.0000,0.0000,1,0,-0.0146,0.8126,0.3421,-0.0707,4.0867,0.3260,9782.8793,-0.0037,0.004000615122996303,1.0811083504525156
2022-10-11 00:00:00+05:30,17738.7500,1185.8500,16552.9000,8814.1500,10000.0000,0.0000,7738.7500,0.0000,7738.7500,17738.7500,0.0000,0.0000,-387.1000,0.9300,0.9300,16552.9000,16552.9000,16552.9000,0.0000,1,0,-0.0214,0.7739,0.3421,-0.0905,3.8787,0.3294,9619.4008,-0.0167,0.0037726901997168754,1.1133995488602573
2022-10-12 00:00:00+05:30,17719.8500,1185.8500,16534.0000,8814.1500,10000.0000,0.0000,7719.8500,0.0000,7719.8500,17719.8500,0.0000,0.0000,-18.9000,0.9300,0.9300,16534.0000,16534.0000,16534.0000,0.0000,1,0,-0.0011,0.7720,0.3412,-0.0915,3.8278,0.3296,9712.9062,0.0097,0.0036809864049015774,1.082624939487556
2022-10-13 00:00:00+05:30,17675.0500,1185.8500,16489.2000,8814.1500,10000.0000,0.0000,7675.0500,0.0000,7675.0500,17675.0500,0.0000,0.0000,-44.8000,0.9300,0.9300,16489.2000,16489.2000,16489.2000,0.0000,1,0,-0.0025,0.7675,0.3403,-0.0938,3.8292,0.3296,9649.8227,-0.0065,0.0036808865587735122,1.0819410014891322
2022-10-14 00:00:00+05:30,17569.3500,1185.8500,16383.5000,8814.1500,10000.0000,0.0000,7569.3500,0.0000,7569.3500,17569.3500,0.0000,0.0000,-105.7000,0.9300,0.9300,16383.5000,16383.5000,16383.5000,0.0000,1,0,-0.0060,0.7569,0.3395,-0.0992,3.4200,0.3267,9753.3363,0.0107,0.0035783833404721003,1.0591966050171193
2022-10-17 00:00:00+05:30,17740.8500,1185.8500,16555.0000,8814.1500,10000.0000,0.0000,7740.8500,0.0000,7740.8500,17740.8500,0.0000,0.0000,171.5000,0.9300,0.9300,16555.0000,16555.0000,16555.0000,0.0000,1,0,0.0098,0.7741,0.3388,-0.0904,3.2536,0.3241,9821.4949,0.0070,0.003423504803505857,1.0348700068193593
2022-10-18 00:00:00+05:30,18566.8500,1185.8500,17381.0000,8814.1500,10000.0000,0.0000,8566.8500,0.0000,8566.8500,18566.8500,0.0000,0.0000,826.0000,0.9400,0.9400,17381.0000,17381.0000,17381.0000,0.0000,1,0,0.0466,0.8567,0.3420,-0.0481,3.7421,0.3354,9917.9205,0.0098,0.003613665082222244,1.0793573607342988
2022-10-19 00:00:00+05:30,18518.2000,1185.8500,17332.3500,8814.1500,10000.0000,0.0000,8518.2000,0.0000,8518.2000,18518.2000,0.0000,0.0000,-48.6500,0.9400,0.9400,17332.3500,17332.3500,17332.3500,0.0000,1,0,-0.0026,0.8518,0.3411,-0.0506,3.5823,0.3355,9933.9395,0.0016,0.003715239507981823,1.104215756165499
2022-10-20 00:00:00+05:30,18356.8500,1185.8500,17171.0000,8814.1500,10000.0000,0.0000,8356.8500,0.0000,8356.8500,18356.8500,0.0000,0.0000,-161.3500,0.9400,0.9400,17171.0000,17171.0000,17171.0000,0.0000,1,0,-0.0087,0.8357,0.3404,-0.0589,3.3052,0.3362,9960.2503,0.0026,0.003488919975320048,1.1010146772077893
2022-10-21 00:00:00+05:30,17992.8500,1185.8500,16807.0000,8814.1500,10000.0000,0.0000,7992.8500,0.0000,7992.8500,17992.8500,0.0000,0.0000,-364.0000,0.9300,0.9300,16807.0000,16807.0000,16807.0000,0.0000,1,0,-0.0198,0.7993,0.3403,-0.0775,2.8440,0.3391,9970.7406,0.0011,0.0030502092533371493,1.0978138749484518
2022-10-25 00:00:00+05:30,18730.6500,1185.8500,17544.8000,8814.1500,10000.0000,0.0000,8730.6500,0.0000,8730.6500,18730.6500,0.0000,0.0000,737.8000,0.9400,0.9400,17544.8000,17544.8000,17544.8000,0.0000,1,0,0.0410,0.8731,0.3425,-0.0397,3.3998,0.3463,10002.7785,0.0032,0.003263085236243371,1.1365693548180973
2022-10-27 00:00:00+05:30,18795.4000,1185.8500,17609.5500,8814.1500,10000.0000,0.0000,8795.4000,0.0000,8795.4000,18795.4000,0.0000,0.0000,64.7500,0.9400,0.9400,17609.5500,17609.5500,17609.5500,0.0000,1,0,0.0035,0.8795,0.3417,-0.0364,3.1355,0.3429,10070.0582,0.0067,0.0032100772646179825,1.1234129421024484
2022-10-28 00:00:00+05:30,18839.8500,1185.8500,17654.0000,8814.1500,10000.0000,0.0000,8839.8500,0.0000,8839.8500,18839.8500,0.0000,0.0000,44.4500,0.9400,0.9400,17654.0000,17654.0000,17654.0000,0.0000,1,0,0.0024,0.8840,0.3409,-0.0341,2.6968,0.3322,10091.0671,0.0021,0.0029786409635023407,1.1003863463118209
2022-10-31 00:00:00+05:30,18927.7000,1185.8500,17741.8500,8814.1500,10000.0000,0.0000,8927.7000,0.0000,8927.7000,18927.7000,0.0000,0.0000,87.8500,0.9400,0.9400,17741.8500,17741.8500,17741.8500,0.0000,1,0,0.0047,0.8928,0.3401,-0.0296,2.7871,0.3320,10215.6748,0.0123,0.0024998098648659883,1.0036759801916322
2022-11-01 00:00:00+05:30,18902.8500,1185.8500,17717.0000,8814.1500,10000.0000,0.0000,8902.8500,0.0000,8902.8500,18902.8500,0.0000,0.0000,-24.8500,0.9400,0.9400,17717.0000,17717.0000,17717.0000,0.0000,1,0,-0.0013,0.8903,0.3393,-0.0309,2.7584,0.3321,10287.7176,0.0071,0.0025961719930747704,1.0385392874592974
2022-11-02 00:00:00+05:30,18615.5000,1185.8500,17429.6500,8814.1500,10000.0000,0.0000,8615.5000,0.0000,8615.5000,18615.5000,0.0000,0.0000,-287.3500,0.9400,0.9400,17429.6500,17429.6500,17429.6500,0.0000,1,0,-0.0152,0.8616,0.3389,-0.0456,2.4423,0.3341,10247.6560,-0.0039,0.0025450016201574405,1.073925618462915
2022-11-03 00:00:00+05:30,18982.3000,1185.8500,17796.4500,8814.1500,10000.0000,0.0000,8982.3000,0.0000,8982.3000,18982.3000,0.0000,0.0000,366.8000,0.9400,0.9400,17796.4500,17796.4500,17796.4500,0.0000,1,0,0.0197,0.8982,0.3388,-0.0268,2.8267,0.3345,10234.0186,-0.0013,0.0027153354025743204,1.07099870358956
2022-11-04 00:00:00+05:30,19098.8500,1185.8500,17913.0000,8814.1500,10000.0000,0.0000,9098.8500,0.0000,9098.8500,19098.8500,0.0000,0.0000,116.5500,0.9400,0.9400,17913.0000,17913.0000,17913.0000,0.0000,1,0,0.0061,0.9099,0.3381,-0.0208,3.0427,0.3332,10279.2970,0.0044,0.0030057606576618058,1.0896142568625304
2022-11-07 00:00:00+05:30,19350.8500,1185.8500,18165.0000,8814.1500,10000.0000,0.0000,9350.8500,0.0000,9350.8500,19350.8500,0.0000,0.0000,252.0000,0.9400,0.9400,18165.0000,18165.0000,18165.0000,0.0000,1,0,0.0132,0.9351,0.3376,-0.0079,3.1752,0.3337,10322.0804,0.0042,0.0032868484923666546,1.0877658588812606
2022-11-09 00:00:00+05:30,18678.8500,1185.8500,17493.0000,8814.1500,10000.0000,0.0000,8678.8500,0.0000,8678.8500,18678.8500,0.0000,0.0000,-672.0000,0.9400,0.9400,17493.0000,17493.0000,17493.0000,0.0000,1,0,-0.0347,0.8679,0.3389,-0.0423,1.9968,0.3165,10275.4127,-0.0045,0.002761764565748871,1.1224290908923071
2022-11-10 00:00:00+05:30,18248.3500,1185.8500,17062.5000,8814.1500,10000.0000,0.0000,8248.3500,0.0000,8248.3500,18248.3500,0.0000,0.0000,-430.5000,0.9400,0.9400,17062.5000,17062.5000,17062.5000,0.0000,1,0,-0.0230,0.8248,0.3390,-0.0644,1.5528,0.3205,10227.6394,-0.0046,0.001548407762106011,1.0611782182982537
2022-11-11 00:00:00+05:30,18573.8500,1185.8500,17388.0000,8814.1500,10000.0000,0.0000,8573.8500,0.0000,8573.8500,18573.8500,0.0000,0.0000,325.5000,0.9400,0.9400,17388.0000,17388.0000,17388.0000,0.0000,1,0,0.0178,0.8574,0.3388,-0.0477,1.3162,0.3134,10408.2425,0.0177,0.0013865430651270514,1.054792340523171
2022-11-14 00:00:00+05:30,18587.8500,1185.8500,17402.0000,8814.1500,10000.0000,0.0000,8587.8500,0.0000,8587.8500,18587.8500,0.0000,0.0000,14.0000,0.9400,0.9400,17402.0000,17402.0000,17402.0000,0.0000,1,0,0.0008,0.8588,0.3380,-0.0470,1.2299,0.3131,10388.3677,-0.0019,0.0009440149994899686,1.0208849039145387
2022-11-15 00:00:00+05:30,18847.5500,1185.8500,17661.7000,8814.1500,10000.0000,0.0000,8847.5500,0.0000,8847.5500,18847.5500,0.0000,0.0000,259.7000,0.9400,0.9400,17661.7000,17661.7000,17661.7000,0.0000,1,0,0.0140,0.8848,0.3376,-0.0337,1.3531,0.3141,10445.8091,0.0055,0.0010145444171147711,1.0261661822408652
2022-11-16 00:00:00+05:30,19938.8500,1185.8500,18753.0000,8814.1500,10000.0000,0.0000,9938.8500,0.0000,9938.8500,19938.8500,0.0000,0.0000,1091.3000,0.9400,0.9400,18753.0000,18753.0000,18753.0000,0.0000,1,0,0.0579,0.9939,0.3426,0.0000,2.0153,0.3345,10436.3395,-0.0009,0.0020346466393356224,1.0151727993127566
2022-11-17 00:00:00+05:30,19918.2000,1185.8500,18732.3500,8814.1500,10000.0000,0.0000,9918.2000,0.0000,9918.2000,19918.2000,0.0000,0.0000,-20.6500,0.9400,0.9400,18732.3500,18732.3500,18732.3500,0.0000,1,0,-0.0010,0.9918,0.3418,-0.0010,1.8655,0.3341,10396.1362,-0.0039,0.002195905924219462,1.023616199549663
2022-11-18 00:00:00+05:30,19511.5000,1185.8500,18325.6500,8814.1500,10000.0000,0.0000,9511.5000,0.0000,9511.5000,19511.5000,0.0000,0.0000,-406.7000,0.9400,0.9400,18325.6500,18325.6500,18325.6500,0.0000,1,0,-0.0204,0.9511,0.3417,-0.0214,2.0098,0.3306,10379.3517,-0.0016,0.0017377381791759462,1.0293215070615873
2022-11-21 00:00:00+05:30,19749.8500,1185.8500,18564.0000,8814.1500,10000.0000,0.0000,9749.8500,0.0000,9749.8500,19749.8500,0.0000,0.0000,238.3500,0.9400,0.9400,18564.0000,18564.0000,18564.0000,0.0000,1,0,0.0122,0.9750,0.3412,-0.0095,2.2540,0.3306,10296.3366,-0.0080,0.0023803535212175435,0.9500165777080026
2022-11-22 00:00:00+05:30,20244.0500,1185.8500,19058.2000,8814.1500,10000.0000,0.0000,10244.0500,0.0000,10244.0500,20244.0500,0.0000,0.0000,494.2000,0.9400,0.9400,19058.2000,19058.2000,19058.2000,0.0000,1,0,0.0250,1.0244,0.3415,0.0000,2.4064,0.3332,10349.3835,0.0052,0.002601196076695642,0.9745909793354434
2022-11-23 00:00:00+05:30,20181.7500,1185.8500,18995.9000,8814.1500,10000.0000,0.0000,10181.7500,0.0000,10181.7500,20181.7500,0.0000,0.0000,-62.3000,0.9400,0.9400,18995.9000,18995.9000,18995.9000,0.0000,1,0,-0.0031,1.0182,0.3407,-0.0031,2.5493,0.3316,10350.8578,0.0001,0.002480417701097794,0.9729288619889612
2022-11-24 00:00:00+05:30,20253.8500,1185.8500,19068.0000,8814.1500,10000.0000,0.0000,10253.8500,0.0000,10253.8500,20253.8500,0.0000,0.0000,72.1000,0.9400,0.9400,19068.0000,19068.0000,19068.0000,0.0000,1,0,0.0036,1.0254,0.3400,0.0000,2.6085,0.3315,10496.4461,0.0141,0.002552942689401645,0.9348618785155408
2022-11-25 00:00:00+05:30,20285.3500,1185.8500,19099.5000,8814.1500,10000.0000,0.0000,10285.3500,0.0000,10285.3500,20285.3500,0.0000,0.0000,31.5000,0.9400,0.9400,19099.5000,19099.5000,19099.5000,0.0000,1,0,0.0016,1.0285,0.3392,0.0000,2.3487,0.3289,10489.3864,-0.0007,0.0025171858328356346,0.9372071695936877
2022-11-28 00:00:00+05:30,20533.8500,1185.8500,19348.0000,8814.1500,10000.0000,0.0000,10533.8500,0.0000,10533.8500,20533.8500,0.0000,0.0000,248.5000,0.9400,0.9400,19348.0000,19348.0000,19348.0000,0.0000,1,0,0.0123,1.0534,0.3387,0.0000,2.4056,0.3293,10520.5737,0.0030,0.002359622858087794,0.9287390169862463
2022-11-29 00:00:00+05:30,20405.4000,1185.8500,19219.5500,8814.1500,10000.0000,0.0000,10405.4000,0.0000,10405.4000,20405.4000,0.0000,0.0000,-128.4500,0.9400,0.9400,19219.5500,19219.5500,19219.5500,0.0000,1,0,-0.0063,1.0405,0.3380,-0.0063,2.3256,0.3298,10549.0393,0.0027,0.0018161930860824205,0.9817102660514389
2022-11-30 00:00:00+05:30,20470.8500,1185.8500,19285.0000,8814.1500,10000.0000,0.0000,10470.8500,0.0000,10470.8500,20470.8500,0.0000,0.0000,65.4500,0.9400,0.9400,19285.0000,19285.0000,19285.0000,0.0000,1,0,0.0032,1.0471,0.3373,-0.0031,2.2941,0.3297,10647.3362,0.0093,0.001990970899846381,1.0944151433502334
2022-12-01 00:00:00+05:30,20452.6500,1185.8500,19266.8000,8814.1500,10000.0000,0.0000,10452.6500,0.0000,10452.6500,20452.6500,0.0000,0.0000,-18.2000,0.9400,0.9400,19266.8000,19266.8000,19266.8000,0.0000,1,0,-0.0009,1.0453,0.3366,-0.0040,1.9730,0.3263,10660.9452,0.0013,0.001631568747339896,1.1337487770148942
2022-12-02 00:00:00+05:30,20589.8500,1185.8500,19404.0000,8814.1500,10000.0000,0.0000,10589.8500,0.0000,10589.8500,20589.8500,0.0000,0.0000,137.2000,0.9400,0.9400,19404.0000,19404.0000,19404.0000,0.0000,1,0,0.0067,1.0590,0.3359,0.0000,2.0289,0.3264,10606.6508,-0.0051,0.0013700149574978823,1.1373741285710264
2022-12-05 00:00:00+05:30,20610.8500,1185.8500,19425.0000,8814.1500,10000.0000,0.0000,10610.8500,0.0000,10610.8500,20610.8500,0.0000,0.0000,21.0000,0.9400,0.9400,19425.0000,19425.0000,19425.0000,0.0000,1,0,0.0010,1.0611,0.3352,0.0000,1.9263,0.3262,10600.3283,-0.0006,0.0014837360597465972,1.1478153703260947
2022-12-06 00:00:00+05:30,20518.1000,1185.8500,19332.2500,8814.1500,10000.0000,0.0000,10518.1000,0.0000,10518.1000,20518.1000,0.0000,0.0000,-92.7500,0.9400,0.9400,19332.2500,19332.2500,19332.2500,0.0000,1,0,-0.0045,1.0518,0.3345,-0.0045,1.7723,0.3263,10574.1026,-0.0025,0.0013007358680441681,1.1522526929696084
2022-12-07 00:00:00+05:30,20267.5000,1185.8500,19081.6500,8814.1500,10000.0000,0.0000,10267.5000,0.0000,10267.5000,20267.5000,0.0000,0.0000,-250.6000,0.9400,0.9400,19081.6500,19081.6500,19081.6500,0.0000,1,0,-0.0122,1.0267,0.3340,-0.0167,1.5791,0.3277,10519.6381,-0.0052,0.001040624687297253,1.16653020931075
2022-12-08 00:00:00+05:30,20471.9000,1185.8500,19286.0500,8814.1500,10000.0000,0.0000,10471.9000,0.0000,10471.9000,20471.9000,0.0000,0.0000,204.4000,0.9400,0.9400,19286.0500,19286.0500,19286.0500,0.0000,1,0,0.0101,1.0472,0.3334,-0.0067,1.6668,0.3281,10555.1634,0.0034,0.0012703642860532349,1.190745788129431
2022-12-09 00:00:00+05:30,20278.0000,1185.8500,19092.1500,8814.1500,10000.0000,0.0000,10278.0000,0.0000,10278.0000,20278.0000,0.0000,0.0000,-193.9000,0.9400,0.9400,19092.1500,19092.1500,19092.1500,0.0000,1,0,-0.0095,1.0278,0.3328,-0.0161,0.7044,0.2957,10486.4661,-0.0065,0.0012196667067728814,1.1958014872074685
2022-12-12 00:00:00+05:30,20155.8500,1185.8500,18970.0000,8814.1500,10000.0000,0.0000,10155.8500,0.0000,10155.8500,20155.8500,0.0000,0.0000,-122.1500,0.9400,0.9400,18970.0000,18970.0000,18970.0000,0.0000,1,0,-0.0060,1.0156,0.3321,-0.0221,0.7319,0.2955,10487.2883,0.0001,0.00010784129164164737,1.1198419235113863
2022-12-13 00:00:00+05:30,20121.5500,1185.8500,18935.7000,8814.1500,10000.0000,0.0000,10121.5500,0.0000,10121.5500,20121.5500,0.0000,0.0000,-34.3000,0.9400,0.9400,18935.7000,18935.7000,18935.7000,0.0000,1,0,-0.0017,1.0122,0.3314,-0.0237,0.8390,0.2949,10543.7941,0.0054,0.00023946806564788573,1.13800315817076
2022-12-14 00:00:00+05:30,19963.3500,1185.8500,18777.5000,8814.1500,10000.0000,0.0000,9963.3500,0.0000,9963.3500,19963.3500,0.0000,0.0000,-158.2000,0.9400,0.9400,18777.5000,18777.5000,18777.5000,0.0000,1,0,-0.0079,0.9963,0.3308,-0.0314,0.8551,0.2947,10571.3808,0.0026,0.00014873397083963109,1.1275006346502354
2022-12-15 00:00:00+05:30,19389.3500,1185.8500,18203.5000,8814.1500,10000.0000,0.0000,9389.3500,0.0000,9389.3500,19389.3500,0.0000,0.0000,-574.0000,0.9400,0.9400,18203.5000,18203.5000,18203.5000,0.0000,1,0,-0.0288,0.9389,0.3314,-0.0593,0.7801,0.2966,10433.4476,-0.0130,-8.821436733498424e-05,1.1699020226065102
2022-12-16 00:00:00+05:30,19266.8500,1185.8500,18081.0000,8814.1500,10000.0000,0.0000,9266.8500,0.0000,9266.8500,19266.8500,0.0000,0.0000,-122.5000,0.9400,0.9400,18081.0000,18081.0000,18081.0000,0.0000,1,0,-0.0063,0.9267,0.3308,-0.0652,0.6788,0.2970,10359.9305,-0.0070,1.0558981687912089e-06,1.1535023016606054
2022-12-19 00:00:00+05:30,19714.8500,1185.8500,18529.0000,8814.1500,10000.0000,0.0000,9714.8500,0.0000,9714.8500,19714.8500,0.0000,0.0000,448.0000,0.9400,0.9400,18529.0000,18529.0000,18529.0000,0.0000,1,0,0.0233,0.9715,0.3310,-0.0435,1.0872,0.3002,10448.4459,0.0085,0.00027387804540610354,1.183314791016768
2022-12-20 00:00:00+05:30,19762.4500,1185.8500,18576.6000,8814.1500,10000.0000,0.0000,9762.4500,0.0000,9762.4500,19762.4500,0.0000,0.0000,47.6000,0.9400,0.9400,18576.6000,18576.6000,18576.6000,0.0000,1,0,0.0024,0.9762,0.3303,-0.0412,1.1208,0.3001,10425.5657,-0.0022,0.0006183056319995404,1.2169911528511392
2022-12-21 00:00:00+05:30,19185.6500,1185.8500,17999.8000,8814.1500,10000.0000,0.0000,9185.6500,0.0000,9185.6500,19185.6500,0.0000,0.0000,-576.8000,0.9400,0.9400,17999.8000,17999.8000,17999.8000,0.0000,1,0,-0.0292,0.9186,0.3310,-0.0691,0.5681,0.3061,10324.4619,-0.0097,0.00022633939685759593,1.2663933026190783
2022-12-22 00:00:00+05:30,18846.8500,1185.8500,17661.0000,8814.1500,10000.0000,0.0000,8846.8500,0.0000,8846.8500,18846.8500,0.0000,0.0000,-338.8000,0.9400,0.9400,17661.0000,17661.0000,17661.0000,0.0000,1,0,-0.0177,0.8847,0.3308,-0.0856,0.6052,0.3054,10271.8120,-0.0051,-0.00022676918801634087,1.3007171124317278
2022-12-23 00:00:00+05:30,18307.5000,1185.8500,17121.6500,8814.1500,10000.0000,0.0000,8307.5000,0.0000,8307.5000,18307.5000,0.0000,0.0000,-539.3500,0.9400,0.9400,17121.6500,17121.6500,17121.6500,0.0000,1,0,-0.0286,0.8308,0.3314,-0.1118,0.7873,0.2993,10107.0293,-0.0160,-0.0004078420133252194,1.3410990230008417
2022-12-26 00:00:00+05:30,18881.8500,1185.8500,17696.0000,8814.1500,10000.0000,0.0000,8881.8500,0.0000,8881.8500,18881.8500,0.0000,0.0000,574.3500,0.9400,0.9400,17696.0000,17696.0000,17696.0000,0.0000,1,0,0.0314,0.8882,0.3323,-0.0839,1.4561,0.3032,10212.2158,0.0104,0.00019401772012354835,1.3044834383625405
2022-12-27 00:00:00+05:30,18837.4000,1185.8500,17651.5500,8814.1500,10000.0000,0.0000,8837.4000,0.0000,8837.4000,18837.4000,0.0000,0.0000,-44.4500,0.9400,0.9400,17651.5500,17651.5500,17651.5500,0.0000,1,0,-0.0024,0.8837,0.3316,-0.0860,1.4308,0.3032,10283.8900,0.0070,0.00032998635933222543,1.285091297087377
2022-12-28 00:00:00+05:30,18853.8500,1185.8500,17668.0000,8814.1500,10000.0000,0.0000,8853.8500,0.0000,8853.8500,18853.8500,0.0000,0.0000,16.4500,0.9400,0.9400,17668.0000,17668.0000,17668.0000,0.0000,1,0,0.0009,0.8854,0.3309,-0.0852,1.2472,0.3021,10267.3891,-0.0016,5.5018658877260254e-05,1.3400593645583505
2022-12-29 00:00:00+05:30,18783.8500,1185.8500,17598.0000,8814.1500,10000.0000,0.0000,8783.8500,0.0000,8783.8500,18783.8500,0.0000,0.0000,-70.0000,0.9400,0.9400,17598.0000,17598.0000,17598.0000,0.0000,1,0,-0.0037,0.8784,0.3302,-0.0886,1.0029,0.3011,10326.0780,0.0057,-0.0003308152248052874,1.3276804597716108
2022-12-30 00:00:00+05:30,18942.4000,1185.8500,17756.5500,8814.1500,10000.0000,0.0000,8942.4000,0.0000,8942.4000,18942.4000,0.0000,0.0000,158.5500,0.9400,0.9400,17756.5500,17756.5500,17756.5500,0.0000,1,0,0.0084,0.8942,0.3296,-0.0810,1.4727,0.2969,10273.1446,-0.0051,2.897719868658619e-05,1.3275564483548077
